2012-05-13 02:00:00,101735.4004957426,281.0749886521066,18.999197162571917,1.73835,0.0005,1.0
2012-05-13 04:00:00,101769.8704421818,281.21854160866434,16.50770231916105,1.72278,0.00048,1.0
2012-05-13 06:00:00,101698.72093735216,280.50487833892004,16.429245927905367,1.72136,0.00046,1.0
2012-05-13 08:00:00,101581.75881140036,280.3121072258282,14.237499956508687,1.70539,0.00041,1.0
2012-05-13 10:00:00,101648.1944774007,278.7754070051528,13.221002252071296,1.70025,0.0005,1.0
2012-05-13 12:00:00,101727.29858525476,278.8410312138649,12.859040242696233,1.69914,0.00051,1.0
2012-05-13 14:00:00,101717.2816777425,282.6773130814941,13.045625683581326,1.69927,0.0005,1.0
2012-05-13 16:00:00,101391.29026120427,285.8313766127203,16.84451192105648,1.71753,0.00049,1.0
2012-05-13 18:00:00,101166.94099442265,287.4501070942859,15.753813366867625,1.70657,0.00051,1.0
2012-05-13 20:00:00,101075.75767456854,285.6891908271774,16.308756232254257,1.7091499999999997,0.00044,1.0
2012-05-13 22:00:00,101280.80966364274,282.22067796253896,15.514081836252414,1.70832,0.00054,1.0
2012-05-14 00:00:00,101481.44242881448,281.5452954812101,16.361790134147263,1.7171599999999998,0.00078,1.0
2012-05-14 02:00:00,101634.93680569332,281.0011614173054,14.305118335820364,1.7064900000000003,0.00058,1.0
2012-05-14 04:00:00,101715.07206579128,281.7654100145987,13.376073114762471,1.70158,0.00047,1.0
2012-05-14 06:00:00,101706.38092544976,280.2205067678342,10.015715863180041,1.68009,0.0005,1.0
2012-05-14 08:00:00,101679.42365964476,278.55392530074937,9.229045300507641,1.6748600000000002,0.00043,1.0
2012-05-14 10:00:00,101725.82551062059,278.3802945818652,8.108237477052874,1.66834,0.00052,1.0
2012-05-14 12:00:00,101816.41960062105,279.5068434980899,7.372382196076564,1.66484,0.00049,1.0
2012-05-14 14:00:00,101718.31282998642,284.384909679024,7.9710863517217305,1.66645,0.00051,1.0
2012-05-14 16:00:00,101502.06547369264,286.22102035194854,10.373838078544281,1.67803,0.00049,1.0
2012-05-14 18:00:00,101339.8799564723,287.9764679349977,12.052265834722315,1.68575,0.00049,1.0
2012-05-14 20:00:00,101290.38464876474,286.80480237528343,11.68293757877278,1.68287,0.00045,1.0
2012-05-14 22:00:00,101562.16691876612,283.44429602081703,12.03996645210753,1.6901799999999998,0.00061,1.0
2012-05-15 00:00:00,101835.86418579188,281.5849434406403,15.845334089800945,1.7194500000000001,0.00086,1.0
2012-05-15 02:00:00,102004.82584632933,279.7160206633598,12.80058813884089,1.70296,0.00058,1.0
2012-05-15 04:00:00,102085.25572135411,279.67363836189986,14.267621456669556,1.71375,0.00052,1.0
2012-05-15 06:00:00,102017.0523657928,278.3474824775092,12.955876633844124,1.70449,0.00051,1.0
2012-05-15 08:00:00,101990.53702237803,278.1478755093431,12.339928212604034,1.70011,0.00047,1.0
2012-05-15 10:00:00,102010.12891501228,278.48966826305207,11.724132192659956,1.69634,0.00055,1.0
2012-05-15 12:00:00,102147.41947091541,278.62911970656535,10.934522629260558,1.6933599999999998,0.00051,1.0
2012-05-15 14:00:00,102003.79469408542,283.09976892507837,10.4047036999044,1.68678,0.00054,1.0
2012-05-15 16:00:00,101731.5705016938,284.7636160501336,11.029162025359494,1.68613,0.00052,1.0
2012-05-15 18:00:00,101492.93241096089,286.69542869409656,12.596413208180707,1.69191,0.00051,1.0
2012-05-15 20:00:00,101362.8599207651,286.0938734475688,15.638728556542695,1.70933,0.00049,1.0
2012-05-15 22:00:00,101511.93507374146,283.6575746991314,15.889596791922376,1.71399,0.00066,1.0
2012-05-16 00:00:00,101808.3176901332,282.45036269303137,12.521242110164986,1.6974,0.0009,1.0
2012-05-16 02:00:00,101942.36748184121,279.52461672128277,13.230596406959194,1.7048,0.0005,1.0
2012-05-16 04:00:00,101927.48942803625,279.25665120237494,10.564563357139424,1.68734,0.00043,1.0
2012-05-16 06:00:00,101766.77698545007,279.3072365299239,9.013466005750981,1.67472,0.00044,1.0
2012-05-16 08:00:00,101562.16691876612,277.57639802514177,7.493976879646902,1.66186,0.0004,1.0
2012-05-16 10:00:00,101677.50866262036,277.2031603380916,6.575081590791456,1.65775,0.00046,1.0
2012-05-16 12:00:00,101771.63813174277,279.18829265163316,6.763043690122299,1.66022,0.00043,1.0
2012-05-16 14:00:00,101732.30703901088,286.0036401605896,7.494757018772493,1.66341,0.00045,1.0
2012-05-16 16:00:00,101503.6858557902,287.23135973191216,7.383555479290174,1.65891,0.00044,1.0
2012-05-16 18:00:00,101237.05934700837,289.1686410599345,10.427820182932189,1.6736199999999999,0.00044,1.0
2012-05-16 20:00:00,101151.32640330063,288.7571225844689,11.098816238647801,1.67657,0.00041,1.0
2012-05-16 22:00:00,101397.62448213114,284.9782618994628,9.23719990404911,1.66935,0.00055,1.0
2012-05-17 00:00:00,101603.265701059,283.0273088612921,10.12532254973649,1.67864,0.0009,1.0
2012-05-17 02:00:00,101795.35463335266,281.2472521999759,10.573450701274911,1.68491,0.0005,1.0
2012-05-17 04:00:00,101958.86591774372,279.55879599665366,10.211291112891228,1.68549,0.00042,1.0
2012-05-17 06:00:00,101971.23974467062,277.9277609759546,8.233221428949271,1.6731200000000002,0.00042,1.0
2012-05-17 08:00:00,101873.28028149939,277.5094066454148,8.198116145458325,1.6714,0.00038,1.0
2012-05-17 10:00:00,101895.22909354829,276.54144956691107,8.036233809688278,1.67084,0.00047,1.0
2012-05-17 12:00:00,101968.1462879389,277.30022948014494,7.683081771842012,1.66958,0.00046,1.0
2012-05-17 14:00:00,101895.81832340194,282.65407117424195,8.503673157496682,1.67294,0.00045,1.0
2012-05-17 16:00:00,101698.27901496192,285.5059899111894,8.72119293100627,1.6707499999999997,0.00044,1.0
2012-05-17 18:00:00,101418.10021954587,287.87939879294436,9.220268150415428,1.66909,0.00047,1.0
2012-05-17 20:00:00,101275.80120988662,287.5813555117101,10.317730957723136,1.6738300000000002,0.00042,1.0
2012-05-17 22:00:00,101458.16784959486,284.6050242124126,8.766942426678645,1.66737,0.00053,1.0
2012-05-18 00:00:00,101565.40768296125,281.59724797977384,11.296837746463519,1.68585,0.00091,1.0
2012-05-18 02:00:00,101660.42099686417,279.62988888942516,11.01605461059158,1.68595,0.00056,1.0
2012-05-18 04:00:00,101708.44322993758,279.13087146901006,9.480043184818772,1.6768499999999997,0.00044,1.0
2012-05-18 06:00:00,101605.62262047364,276.96527258151013,9.980749597630014,1.67887,0.00047,1.0
2012-05-18 08:00:00,101507.07392744876,276.30492898134446,10.682645623559136,1.6820199999999998,0.00043,1.0
2012-05-18 10:00:00,101493.81625574137,276.3568814799082,9.395246902088642,1.6733800000000003,0.00051,1.0
2012-05-18 12:00:00,101565.8496053515,278.7726726631231,8.958257052797316,1.67126,0.00047,1.0
2012-05-18 14:00:00,101535.2096529611,285.58938734309436,8.44376747611141,1.66638,0.00057,1.0
2012-05-18 16:00:00,101353.13762817968,287.34483492614356,8.779200266317655,1.66535,0.00049,1.0
2012-05-18 18:00:00,101084.0068925198,289.5938312455484,10.352973938380337,1.67064,0.0005,1.0
2012-05-18 20:00:00,101015.65622949506,289.46531717015387,11.496037981163184,1.67678,0.00048,1.0
2012-05-18 22:00:00,101226.30590217905,286.025514896827,12.60018816858591,1.68785,0.00063,1.0
2012-05-19 00:00:00,101560.69384413197,283.13121385841964,13.30829532862072,1.69836,0.0009,1.0
2012-05-19 02:00:00,101788.43118257214,281.17615930720444,13.52960659515196,1.70388,0.00058,1.0
2012-05-19 04:00:00,101856.04530827979,280.0031265764753,14.02307289476427,1.70844,0.00045,1.0
2012-05-19 06:00:00,101783.12811388918,279.0543098921793,14.158859547055718,1.70841,0.00047,1.0
2012-05-19 08:00:00,101734.81126588893,278.6427914167137,14.509628239495742,1.71003,0.00046,1.0
2012-05-19 10:00:00,101869.30297998717,279.0447396950754,14.414494882815514,1.71144,0.0005,1.0
2012-05-19 12:00:00,102005.41507618298,278.92032713272533,14.1394925037843,1.71185,0.00046,1.0
2012-05-19 14:00:00,101951.79515949979,283.00680129606957,14.344485283965929,1.7112500000000002,0.00057,1.0
2012-05-19 16:00:00,101728.32973749866,284.74174131389617,15.783787694437544,1.71644,0.00047,1.0
2012-05-19 18:00:00,101454.48516300946,287.1534309840665,16.69840262905929,1.7172099999999997,0.00054,1.0
2012-05-19 20:00:00,101278.01082183784,285.77805694314173,17.773337970208757,1.72166,0.00046,1.0
2012-05-19 22:00:00,101490.72279900966,283.9980002818255,18.13786664258575,1.72794,0.00058,1.0
2012-05-20 00:00:00,101696.13764630034,282.332847553187,14.113352887892892,1.70588,0.00098,1.0
2012-06-03 02:00:00,101650.31513130789,279.906125778001,11.400247469314836,1.68822,0.00047,1.0
2012-06-03 04:00:00,101637.38116292554,279.67706001559634,10.799230542733701,1.6841700000000002,0.00044,1.0
2012-06-03 06:00:00,101646.37870614804,279.35899417990066,11.566338884968957,1.6893500000000001,0.00041,1.0
2012-06-03 08:00:00,101600.54747035843,278.59884601293993,11.86556296890999,1.69073,0.00049,1.0
2012-06-03 10:00:00,101669.01315081715,277.4272548842077,10.71702028382184,1.68459,0.00047,1.0
2012-06-03 12:00:00,101780.92009464696,278.8994036374964,9.948028759185707,1.68108,0.00047,1.0
2012-06-03 14:00:00,101708.79916225413,286.19886866495256,9.929169425689214,1.67849,0.0005,1.0
2012-06-03 16:00:00,101400.4927202707,288.58582145026503,10.38149771601969,1.67603,0.00046,1.0
2012-06-03 18:00:00,101161.91723826164,290.5540361858314,12.342266673572828,1.6842,0.00045,1.0
2012-06-03 20:00:00,101004.60081848076,289.297822036593,11.198089740679102,1.67476,0.00048,1.0
2012-06-03 22:00:00,101156.71553358613,285.35993354786535,12.611957716728657,1.68697,0.00051,1.0
2012-06-04 00:00:00,101278.74471354127,283.0079971848313,11.101070318488405,1.67975,0.00073,1.0
2012-06-24 02:00:00,102176.52725725969,278.8829316143922,16.803124074650142,1.73187,0.00047,1.0
2012-06-24 04:00:00,102279.01067782643,277.75272540534763,15.28119116524506,1.72394,0.00046,1.0
2012-06-24 06:00:00,102233.6172062167,277.08071090267254,16.014883650466576,1.7282,0.00049,1.0
2012-06-24 08:00:00,102149.23547678268,275.23630746243,14.245415932545967,1.71581,0.00049,1.0
2012-06-24 10:00:00,102165.94473013596,275.56940556007635,13.097314686203847,1.70846,0.00051,1.0
2012-06-24 12:00:00,102227.76896754306,277.54617549327,10.71697401834087,1.69344,0.00052,1.0
2012-06-24 14:00:00,102157.17237212548,284.213955753579,11.626755852802418,1.69682,0.00046,1.0
2012-06-24 16:00:00,101799.17661903163,287.8242154844007,12.583556497807802,1.69644,0.0005,1.0
2012-06-24 18:00:00,101433.94018948468,290.33045138939906,16.004807150140667,1.71159,0.00046,1.0
2012-06-24 20:00:00,101265.03748683869,291.13483238502533,15.918170939407567,1.7081399999999998,0.00061,1.0
2012-06-24 22:00:00,101788.87257946377,284.29250290324234,13.062089916356728,1.70013,0.00056,1.0
2012-06-25 00:00:00,101969.19327190117,281.83135888045814,11.202935040857245,1.6916099999999998,0.00075,1.0
2012-06-25 02:00:00,102058.0308022294,278.37819344896303,11.85868569740259,1.698,0.00051,1.0
2012-06-25 04:00:00,102135.86807410007,278.5076507882229,14.35479965717911,1.71543,0.0005,1.0
2012-06-25 06:00:00,102214.54080863838,279.5462186559936,14.084426943822555,1.71465,0.00054,1.0
2012-06-25 08:00:00,102339.72096500998,278.08291434930277,15.708473079148245,1.72759,0.00051,1.0
2012-06-25 10:00:00,102455.15405692552,277.04871021206895,16.64798007321128,1.7358600000000002,0.00058,1.0
2012-06-25 12:00:00,102589.10657130758,277.3265343895818,17.56952347643564,1.74391,0.00055,1.0
2012-06-25 14:00:00,102675.57695741077,280.3535088053111,16.026991844334436,1.73432,0.00048,1.0
2012-06-25 16:00:00,102577.54933773824,282.0509999841463,14.34006656098189,1.72141,0.00052,1.0
2012-06-25 18:00:00,102330.11314433186,283.65248909117076,14.637981635691947,1.71897,0.00048,1.0
2012-06-25 20:00:00,102167.19792413745,282.8975637082955,16.419916600672444,1.7280200000000001,0.00061,1.0
2012-06-25 22:00:00,102295.58068740176,280.2385972345073,16.002424278965353,1.72816,0.00049,1.0
2012-06-26 00:00:00,102402.5199088627,279.51130881169877,13.315239775605363,1.71266,0.00093,1.0
2012-06-26 02:00:00,102455.4325444814,278.27928222346105,11.93502805477127,1.70483,0.00047,1.0
2012-06-26 04:00:00,102463.09095226832,278.42037617748593,10.210577810604793,1.69371,0.00044,1.0
2012-06-26 06:00:00,102412.26697331878,277.8749098603795,11.215500828434559,1.69955,0.00047,1.0
2012-06-26 08:00:00,102292.09959295316,276.6690656553629,10.085059232259178,1.69051,0.00046,1.0
2012-06-26 10:00:00,102300.31497585186,275.7119540909468,9.187098546193372,1.68494,0.00043,1.0
2012-06-26 12:00:00,102349.74651702195,275.1650331969947,8.464677784681053,1.68108,0.00048,1.0
2012-06-26 14:00:00,102295.16295606793,282.0000897945497,7.579904163141389,1.67344,0.00044,1.0
2012-06-26 16:00:00,102044.24566821296,284.3972324361267,8.220697899969466,1.67322,0.00047,1.0
2012-06-26 18:00:00,101779.68249011948,286.56164278240504,9.431462513909533,1.67639,0.00049,1.0
2012-06-26 20:00:00,101724.82044160957,286.98637922132525,9.244317788734644,1.67426,0.00056,1.0
2012-06-26 22:00:00,101856.40581176658,284.0030421109645,11.384885232233316,1.69054,0.00053,1.0
2012-06-27 00:00:00,102046.89129999389,281.59862658515937,11.35323301280079,1.69386,0.00077,1.0
2012-06-27 02:00:00,102145.61513855614,278.7229281613743,10.38145545371297,1.68972,0.00056,1.0
2012-06-27 04:00:00,102129.74134787053,277.78908982648807,9.9439626672701,1.6868,0.00053,1.0
2012-06-27 06:00:00,102045.77734977033,276.83925114630006,8.61263683464901,1.6769499999999997,0.00057,1.0
2012-06-27 08:00:00,101948.44594898753,276.04214303490187,8.292731743228115,1.67344,0.00054,1.0
2012-06-27 10:00:00,101962.23108300398,276.94834440972136,7.564070079978043,1.66876,0.00054,1.0
2012-06-27 12:00:00,102061.92962801183,277.97236650903585,7.066627625455973,1.66696,0.00056,1.0
2012-06-27 14:00:00,102071.25896113408,284.56741792706396,6.961474006322297,1.66558,0.00052,1.0
2012-06-27 16:00:00,101836.21546396472,286.9078320716619,8.742881448960768,1.6728600000000002,0.00054,1.0
2012-06-27 18:00:00,101562.18370897105,289.24970079310555,9.80465101905153,1.67484,0.00054,1.0
2012-06-27 20:00:00,101526.39805803946,287.747122911583,10.870602606401217,1.68128,0.0006,1.0
2012-06-27 22:00:00,101675.94587555125,285.4518006491992,10.931839111886408,1.68449,0.00052,1.0
2012-06-28 00:00:00,101828.41781239986,284.0612251847892,10.776242359570663,1.68619,0.001,1.0
2012-06-28 02:00:00,101878.12784112584,279.9316815200821,6.442001397948708,1.65974,0.00055,1.0
2012-06-28 04:00:00,101856.26656798864,278.4247399080228,6.543012796321364,1.66023,0.00052,1.0
2012-06-28 06:00:00,101783.44207212396,276.7970684177772,4.720479658536039,1.64737,0.00058,1.0
2012-06-28 08:00:00,101683.74352711611,275.2697627298792,5.651381995752599,1.65203,0.00055,1.0
2012-06-28 10:00:00,101706.57950669891,275.73377274363105,5.72268890413093,1.6528099999999997,0.00055,1.0
2012-06-28 12:00:00,101819.0884792776,276.35196790301836,5.698243634678111,1.65437,0.00061,1.0
2012-06-28 14:00:00,101838.30412063387,285.4939833777221,5.25471081840142,1.65089,0.00055,1.0
2012-06-28 16:00:00,101578.47523099049,286.8641947662934,6.687766633438787,1.65573,0.00056,1.0
2012-06-28 18:00:00,101320.31726668242,290.71882340717883,6.0306186610907,1.64705,0.00057,1.0
2012-06-28 20:00:00,101204.8841747669,290.5850023373821,6.014582119070513,1.64513,0.00069,1.0
2012-06-28 22:00:00,101307.64608288954,286.8001933850863,6.787599815460488,1.65207,0.00055,1.0
2012-06-29 00:00:00,101484.48568087832,283.9521319213679,7.180548309606573,1.65774,0.00085,1.0
2012-06-29 02:00:00,101584.60195722002,280.10332158786497,6.9926356215215035,1.65862,0.00048,1.0
2012-06-29 04:00:00,101552.71513207085,277.85600036138646,7.650539523802172,1.6626899999999998,0.00044,1.0
2012-06-29 06:00:00,101463.32062663086,276.8581606452931,6.611687854346885,1.65463,0.00055,1.0
2012-06-29 08:00:00,101390.07839943234,275.2988542667915,6.983353874324583,1.6561,0.0005,1.0
2012-06-29 10:00:00,101386.87579253963,276.09014407080724,6.484582323117301,1.65268,0.00047,1.0
2012-06-29 12:00:00,101520.27133180993,277.26107843152903,6.5266995638097685,1.6549299999999998,0.00053,1.0
2012-06-29 14:00:00,101604.37457368805,286.1499975350954,6.443014271705326,1.65467,0.00047,1.0
2012-06-29 16:00:00,101329.92508736056,288.49477541023026,7.336822029204097,1.65569,0.00053,1.0
2012-06-29 18:00:00,101123.00883333587,290.733369175635,7.0969617401403475,1.65061,0.00051,1.0
2012-06-29 20:00:00,101077.75460550409,290.30572358302356,6.9913064221762395,1.64928,0.00053,1.0
2012-06-29 22:00:00,101192.76996608578,286.75655607971777,6.39684215215641,1.64777,0.00046,1.0
2012-06-30 00:00:00,101415.28152324019,284.48305247001815,8.175628141634471,1.66293,0.00077,1.0
2012-06-30 02:00:00,101509.13182957441,280.14404973954225,7.707449311723019,1.66204,0.00044,1.0
2012-06-30 04:00:00,101489.35921310636,278.40583040902976,8.072775401135516,1.66435,0.00042,1.0
2012-06-30 06:00:00,101381.86301653365,277.03852817414963,7.680568509979106,1.66029,0.00047,1.0
2012-06-30 08:00:00,101319.76029157065,276.22687429429527,7.250824397875637,1.65661,0.00046,1.0
2012-06-30 10:00:00,101428.37043836692,276.7359761902613,7.326569208137479,1.65876,0.00048,1.0
2012-06-30 12:00:00,101597.69087234675,277.7498162516564,7.656750943586333,1.66346,0.00049,1.0
2012-06-30 14:00:00,101664.110154426,286.4016393293872,7.077194746738761,1.6596199999999999,0.00044,1.0
2012-06-30 16:00:00,101423.07917480505,289.1726082202878,7.908982894047077,1.66069,0.00048,1.0
2012-06-30 18:00:00,101193.88391630934,291.08683134911996,7.71202199918148,1.65555,0.00048,1.0
2012-06-30 20:00:00,101157.40204648802,291.07083100381817,8.311000150790155,1.65873,0.0005,1.0
2012-06-30 22:00:00,101329.36811224879,287.2569305146101,7.830241785674885,1.65897,0.00045,1.0
2012-07-01 00:00:00,101523.50383394625,284.28202737794226,7.608063821950996,1.66105,0.00073,1.0
2012-07-01 02:00:00,101619.5686123785,280.3011830879851,6.984939110150902,1.6591,0.00044,1.0
2012-07-01 04:00:00,101591.41669845727,277.07438231961777,6.944588462037334,1.65881,0.00041,1.0
2012-07-01 06:00:00,101459.07368043582,276.5548365039973,6.836543919343352,1.65607,0.00048,1.0
2012-07-01 08:00:00,101351.25475237667,275.82185565060837,6.0345971914878564,1.6492,0.00047,1.0
2012-07-01 10:00:00,101402.624739635,275.6056122570798,7.206350643921587,1.65772,0.00046,1.0
2012-07-01 12:00:00,101532.50083736438,277.4759771933136,6.275431851865627,1.65346,0.00048,1.0
2012-07-01 14:00:00,101628.13027692155,287.1465502532553,7.074875721757635,1.65894,0.00045,1.0
2012-07-01 16:00:00,101393.04728438344,289.49714402446807,7.241074806439572,1.65596,0.00046,1.0
2012-07-01 18:00:00,101173.92671726458,291.90811744452327,7.120285413395438,1.65142,0.00047,1.0
2012-07-01 20:00:00,101074.08900191507,292.2661828039374,7.5105037146923745,1.65223,0.0005,1.0
2012-07-01 22:00:00,101201.49817935239,287.69698798223703,7.372556682931552,1.65398,0.00042,1.0
2012-07-02 00:00:00,101352.85099491858,284.9110990682071,7.118634843052065,1.65513,0.00067,1.0
2012-07-02 02:00:00,101449.49622518425,281.72782781412144,6.835005143046227,1.65525,0.00047,1.0
2012-07-02 04:00:00,101405.52699880213,278.6835701701613,6.812467990937224,1.65479,0.00043,1.0
2012-07-02 06:00:00,101285.08324336594,276.2908510625469,6.319665363446437,1.64996,0.00049,1.0
2012-07-02 08:00:00,101226.60272114813,275.5999955455596,6.416713134006949,1.64975,0.00046,1.0
2012-07-02 10:00:00,101280.87496757359,276.3807184468704,6.355997456676486,1.65012,0.00047,1.0
2012-07-02 12:00:00,101429.76086284773,277.7736629038854,6.578955601558242,1.65377,0.00051,1.0
2012-07-02 14:00:00,101561.37831607739,286.96119877308803,6.377772408392295,1.65348,0.00045,1.0
2012-07-02 16:00:00,101357.494609586,289.4620395774667,7.255389717165505,1.65549,0.0005,1.0
2012-07-02 18:00:00,101137.35825175866,291.98675140580633,6.711212963317818,1.64827,0.00051,1.0
2012-07-02 20:00:00,101102.2409158363,291.46299305654566,6.982022671267831,1.64947,0.00052,1.0
2012-07-02 22:00:00,101321.50659591351,287.6267790882343,8.511762399463565,1.66311,0.00047,1.0
2012-07-03 00:00:00,101538.45046865701,285.3379691437439,9.294162852070814,1.67189,0.00071,1.0
2012-07-03 02:00:00,101777.3063981124,282.15610206753837,10.29557372624127,1.68266,0.00054,1.0
2012-07-03 04:00:00,101920.67800096898,280.95974251373116,11.587405595593005,1.6935,0.00044,1.0
2012-07-03 06:00:00,101912.40656234263,279.74512864748317,12.25160075464147,1.69793,0.00054,1.0
2012-07-03 08:00:00,101866.98620637694,278.0109689656148,12.167938452706828,1.69706,0.00051,1.0
2012-07-03 10:00:00,101993.52470606413,277.20216250670285,11.551028520897612,1.69523,0.00052,1.0
2012-07-03 12:00:00,102110.05041162467,278.9194720540106,10.36033141455985,1.68898,0.00051,1.0
2012-07-03 14:00:00,101995.55628748111,284.2146268396996,12.339418199076851,1.69881,0.00047,1.0
2012-07-03 16:00:00,101760.03795606793,285.6609300561567,12.707120060811562,1.69709,0.00047,1.0
2012-07-03 18:00:00,101386.95254013245,288.2109170863373,12.22818463950196,1.68756,0.00052,1.0
2012-07-03 20:00:00,101215.86436222971,287.3726228919442,12.686678206399346,1.68793,0.0005,1.0
2012-07-03 22:00:00,101343.27353966703,283.7329938268406,14.104555693545356,1.69986,0.00047,1.0
2012-07-04 00:00:00,101540.62716303236,281.0931394123364,14.136474188551643,1.70388,0.00071,1.0
2012-07-04 02:00:00,101593.30316691591,279.16801153878043,11.982861117950112,1.69125,0.00047,1.0
2012-07-04 04:00:00,101539.75648528223,277.8593177545688,12.183686384629102,1.6919999999999997,0.00041,1.0
2012-07-04 06:00:00,101372.29613133841,275.2952889455876,12.227843340813772,1.69022,0.00048,1.0
2012-07-04 08:00:00,101219.92752506371,274.10875863694076,11.774033935286266,1.68509,0.00047,1.0
2012-07-04 10:00:00,101292.04866536707,275.9173397464521,11.528217435486267,1.68422,0.00046,1.0
2012-07-04 12:00:00,101383.61494209025,277.84527597576823,10.931536647272166,1.68137,0.0005,1.0
2012-07-04 14:00:00,101304.09304091068,284.5825214442741,10.738486203797319,1.67752,0.00047,1.0
2012-07-04 16:00:00,100977.87911052447,287.20552572421764,13.488181724198665,1.68927,0.00046,1.0
2012-07-04 18:00:00,100610.59821292326,290.9251929284845,13.842726003945854,1.68478,0.00052,1.0
2012-07-04 20:00:00,100340.25277150443,291.35487135978144,13.285433815333853,1.67689,0.0006,1.0
2012-07-04 22:00:00,100519.03193620009,287.2729262624603,8.59404119340613,1.65094,0.00045,1.0
2012-07-05 00:00:00,100860.91806608884,285.47838693174947,8.93382255317919,1.65881,0.00065,1.0
2012-07-05 02:00:00,101042.88971586834,281.33746636346604,8.578358089376716,1.66008,0.00054,1.0
2012-07-05 04:00:00,101134.60110554988,280.13689427601867,8.456788962326597,1.66094,0.00046,1.0
2012-07-05 06:00:00,101075.685244457,276.4818192542344,8.936790483010155,1.66372,0.00053,1.0
2012-07-05 08:00:00,101006.03102444569,274.58758329403963,7.95317851464735,1.65647,0.00051,1.0
2012-07-05 10:00:00,101244.30650206766,274.87824811521114,8.476934136727946,1.66365,0.00047,1.0
2012-07-05 12:00:00,101381.43824771489,276.02124890957623,9.651151791019414,1.6733300000000002,0.00054,1.0
2012-07-05 14:00:00,101378.82621446447,284.75804367928106,10.98079931215305,1.68022,0.00053,1.0
2012-07-05 16:00:00,101172.76581359773,286.530116163911,13.170629123536145,1.69051,0.0005,1.0
2012-07-05 18:00:00,100885.87749492622,289.0744864825714,12.20981948537804,1.6793,0.00057,1.0
2012-07-05 20:00:00,100734.66979231837,287.34453933434315,15.169405475638534,1.69603,0.00071,1.0
2012-07-05 22:00:00,101034.03782540857,282.6587977485982,20.230832664834875,1.73457,0.0006,1.0
2012-07-06 00:00:00,101275.21556219767,281.3290412961857,16.883033976051255,1.71731,0.00079,1.0
2012-07-06 02:00:00,101398.27135088429,279.1989034521416,11.810866667167625,1.68703,0.00049,1.0
2012-07-06 04:00:00,101431.79244426472,278.3915011711098,9.431301446364854,1.6722700000000001,0.00041,1.0
2012-07-06 06:00:00,101476.05189656356,276.8160135896876,10.389545959825709,1.67951,0.00048,1.0
2012-07-06 08:00:00,101485.3391258984,275.55365767551774,7.70968310272997,1.66234,0.00046,1.0
2012-07-06 10:00:00,101650.33255955015,274.4906950203158,6.983195774290868,1.66034,0.00047,1.0
2012-07-06 12:00:00,101779.6282054461,276.54079472519675,6.42759380413355,1.65849,0.00048,1.0
2012-07-06 14:00:00,101789.49588661437,282.019896813173,6.6588563930529885,1.65948,0.00046,1.0
2012-07-06 16:00:00,101530.03391707232,284.93777844792817,9.354783363968453,1.67221,0.00044,1.0
2012-07-06 18:00:00,101164.7846008881,287.1605920320559,10.694007808400897,1.67453,0.00049,1.0
2012-07-06 20:00:00,101092.08300875132,286.7000216873977,10.754963516219124,1.67385,0.00052,1.0
2012-07-06 22:00:00,101438.32252739077,281.48350086299183,11.437249117047084,1.68476,0.00045,1.0
2012-07-07 00:00:00,101679.64537713824,280.3601585589475,11.356922032447345,1.68831,0.00064,1.0
2012-07-07 02:00:00,101830.56285382937,278.62880723283916,11.259650773266355,1.69044,0.00046,1.0
2012-07-07 04:00:00,101925.03138971969,278.6611033240804,9.918320214919403,1.6832200000000002,0.00039,1.0
2012-07-07 06:00:00,101878.74035600385,277.96463109557294,9.407671273137277,1.67929,0.00047,1.0
2012-07-07 08:00:00,101822.58164111974,277.6051615582787,9.341450306491023,1.67803,0.00045,1.0
2012-07-07 10:00:00,101945.63742980636,277.0420862283765,8.731130729783896,1.6761,0.00047,1.0
2012-07-07 12:00:00,102054.61726153236,277.20777921822304,8.141933201937146,1.67396,0.00047,1.0
2012-07-07 14:00:00,102081.46315882838,282.7935988250835,8.265852446966717,1.67434,0.00045,1.0
2012-07-07 16:00:00,101865.68018975173,285.4938328884301,9.653414798552276,1.67935,0.00044,1.0
2012-07-07 18:00:00,101578.5016451635,287.34173097858303,11.458202857601165,1.68591,0.00051,1.0
2012-07-07 20:00:00,101622.9062104207,285.84206900268384,10.270225389185901,1.67936,0.00049,1.0
2012-07-07 22:00:00,101951.00660926556,281.9272210730893,12.919645006348969,1.7023499999999998,0.00044,1.0
2012-07-08 00:00:00,102178.35324092442,280.5962054358698,14.768352445734077,1.7182199999999999,0.00064,1.0
2012-07-08 02:00:00,102329.37987731372,278.97309771873904,13.772587857197296,1.7146,0.0005,1.0
2012-07-08 04:00:00,102405.41193272854,278.50260811969105,13.243538082285957,1.7124900000000003,0.00042,1.0
2012-07-08 06:00:00,102344.9419939191,276.7394931170304,14.459364344992684,1.71991,0.00049,1.0
2012-07-08 08:00:00,102213.92379316528,276.8274046684096,14.06044742795144,1.7152,0.00049,1.0
2012-07-08 10:00:00,102180.57640043947,276.42040674535775,13.294435362979828,1.70977,0.0005,1.0
2012-07-08 12:00:00,102175.092606969,276.24458364259937,12.999842869307235,1.7078,0.00049,1.0
2012-07-08 14:00:00,101988.79183960753,281.62672417703715,12.857353803529008,1.70262,0.00047,1.0
2012-07-08 16:00:00,101681.55119462714,283.55263834891855,13.60837068902038,1.7020999999999997,0.00045,1.0
2012-07-08 18:00:00,101315.76734908368,286.88188135948275,14.593684373725438,1.70173,0.00055,1.0
2012-07-08 20:00:00,101219.57864739902,285.85950257677644,16.502881452374456,1.71262,0.00052,1.0
2012-07-08 22:00:00,101305.24439404575,284.84526375253125,16.75339912539301,1.71588,0.00048,1.0
2012-07-09 00:00:00,101503.99485469153,282.89330171357454,16.956173056537217,1.72093,0.00067,1.0
2012-07-09 02:00:00,101558.68457876185,280.0654801442102,15.860581038394008,1.71559,0.00122,1.0
2012-07-09 04:00:00,101599.59071383883,279.15868877165065,14.114534945611899,1.7051799999999997,0.00086,1.0
2012-07-09 06:00:00,101554.97931290342,277.9165311104964,13.331325463363795,1.6997,0.00092,1.0
2012-07-09 08:00:00,101478.79904685426,276.775308934259,13.64424669985168,1.70082,0.00091,1.0
2012-07-09 10:00:00,101533.78519219325,277.51278917082897,13.086705185757474,1.69787,0.00092,1.0
2012-07-09 12:00:00,101667.61939499946,278.093982204947,12.645174042271394,1.69698,0.00088,1.0
2012-07-09 14:00:00,101701.11499835961,285.46227260387786,12.77940245450985,1.69666,0.00086,1.0
2012-07-09 16:00:00,101458.4941899501,287.65843339666566,13.024735060211139,1.69386,0.00086,1.0
2012-07-09 18:00:00,101116.12762463187,290.4211352983417,14.807000929942527,1.69899,0.00106,1.0
2012-07-09 20:00:00,101028.97977164177,289.8383142725314,16.35973635596981,1.70753,0.00094,1.0
2012-07-09 22:00:00,101155.25523209681,286.87048541763727,14.438692006771417,1.6982,0.00095,1.0
2012-07-10 00:00:00,101377.12655169914,283.8342809116704,14.180825582057736,1.70086,0.00116,1.0
2012-07-10 02:00:00,101511.55359704272,281.1660025281424,13.148958271049432,1.69703,0.0005,1.0
2012-07-10 04:00:00,101586.69638865152,279.4663792014779,11.554142775714272,1.6883,0.00045,1.0
2012-07-10 06:00:00,101511.40538640838,276.8860123693291,11.788153854495144,1.68919,0.00053,1.0
2012-07-10 08:00:00,101409.73289125327,276.6059977982694,11.920139879722795,1.6885,0.00052,1.0
2012-07-10 10:00:00,101521.48370954329,277.71140415727825,11.995847069607127,1.69052,0.00057,1.0
2012-07-10 12:00:00,101637.53263622908,278.831462441517,11.696778287883301,1.69017,0.00053,1.0
2012-07-10 14:00:00,101656.0589655212,286.8769973844061,12.613732075828672,1.69457,0.00051,1.0
2012-07-10 16:00:00,101433.89122465017,288.7215119716771,14.089891742111242,1.69995,0.00048,1.0
2012-07-10 18:00:00,101112.42235877345,291.4972378068908,13.660363964128758,1.69147,0.00058,1.0
2012-07-10 20:00:00,100931.75359551677,292.11750264162185,15.530331527480547,1.70015,0.00052,1.0
2012-07-10 22:00:00,101208.46284982376,288.25102237262917,13.819955062098535,1.69478,0.00051,1.0
2012-07-11 00:00:00,101465.3118791296,285.73414721647646,13.52188430760563,1.69758,0.00068,1.0
2012-07-11 02:00:00,101700.6703664566,282.1444255351591,11.857315297806137,1.69149,0.00049,1.0
2012-07-11 04:00:00,101867.11090881693,279.71220594700117,11.289982207892784,1.69099,0.00042,1.0
2012-07-11 06:00:00,101811.23549967192,277.9556029111094,11.655268648315298,1.69285,0.00049,1.0
2012-07-11 08:00:00,101611.59577522012,276.7915888511811,11.905706857227512,1.69157,0.00048,1.0
2012-07-11 10:00:00,101497.77000804938,276.83554462687067,11.464339401393389,1.68687,0.0005,1.0
2012-07-11 12:00:00,101521.48370954329,278.8086705578261,10.287383078984229,1.67918,0.00047,1.0
2012-07-11 14:00:00,101460.8655600995,285.9376461780024,10.515557202382348,1.67833,0.00048,1.0
2012-07-11 16:00:00,101083.66949571209,289.52899585101204,10.925000599339423,1.67425,0.00044,1.0
2012-07-11 18:00:00,100665.41908561336,292.82730701942427,12.839068613270891,1.67893,0.00054,1.0
2012-07-11 20:00:00,100412.86816470328,293.2147690421696,12.036688132847079,1.66983,0.0005,1.0
2012-07-11 22:00:00,100552.63079288298,289.5485317513185,10.296011939328592,1.66185,0.0005,1.0
2012-07-12 00:00:00,100824.59730689118,287.3946987425281,11.08807695135557,1.67158,0.00061,1.0
2012-07-12 02:00:00,101014.15870820808,282.5611914083642,9.284811080176674,1.6639699999999997,0.00052,1.0
2012-07-12 04:00:00,101127.0952115728,279.22380843933894,7.642078862351992,1.65568,0.00046,1.0
2012-07-12 06:00:00,101150.06785989502,277.03415961331996,8.659739557397096,1.6629999999999998,0.00053,1.0
2012-07-12 08:00:00,101109.0135141837,276.33900716074737,8.258875889544631,1.65984,0.00051,1.0
2012-07-12 10:00:00,101227.28560038454,276.33737916905517,6.39054024848714,1.6495,0.00053,1.0
2012-07-12 12:00:00,101471.83314704042,278.1753817895574,7.024947199670603,1.65729,0.0005,1.0
2012-07-12 14:00:00,101650.13054014771,285.15621016574283,7.1233291136082295,1.65985,0.00051,1.0
2012-07-12 16:00:00,101558.38815749317,286.5920988382698,9.22517589100114,1.67156,0.00048,1.0
2012-07-12 18:00:00,101356.82169479498,288.37963371631355,9.852352555370864,1.6720299999999997,0.00061,1.0
2012-07-12 20:00:00,101355.6360097203,286.77931788287367,12.399411225089976,1.68846,0.00055,1.0
2012-07-12 22:00:00,101726.75543809989,283.03982096587316,10.8253428137952,1.68509,0.00054,1.0
2012-07-13 00:00:00,101965.3745593823,280.97389950846195,10.252154446089701,1.6855899999999997,0.00075,1.0
2012-07-13 02:00:00,102058.89546964888,277.9816507781847,10.681576537099692,1.69044,0.00051,1.0
2012-07-13 04:00:00,102055.19020379047,276.99183182932256,10.153080967524179,1.68713,0.00045,1.0
2012-07-13 06:00:00,102046.89040826759,275.3475602201931,10.045707992157846,1.68661,0.00055,1.0
2012-07-13 08:00:00,101884.00692113134,274.2161059941089,9.109571622190575,1.67808,0.00052,1.0
2012-07-13 10:00:00,101881.0427084446,275.4891954974151,8.67612330930213,1.67497,0.00057,1.0
2012-07-13 12:00:00,101996.49879259305,275.9613130881553,7.766400549315746,1.67077,0.00051,1.0
2012-07-13 14:00:00,101944.77328120948,282.37722834714475,8.388473969436506,1.67302,0.00049,1.0
2012-07-13 16:00:00,101672.51034593259,284.6792085999261,8.34844138072963,1.66809,0.00048,1.0
2012-07-13 18:00:00,101379.20150057986,287.87332830003703,8.510314239045783,1.66398,0.00064,1.0
2012-07-13 20:00:00,101304.05870897106,287.3377190333008,8.580153044615775,1.66331,0.00051,1.0
2012-07-13 22:00:00,101487.54347428013,284.82572785222476,9.880530969783088,1.67491,0.00053,1.0
2012-07-14 00:00:00,101717.121746868,282.33652855483956,9.229955478627529,1.67482,0.00062,1.0
2012-07-14 02:00:00,101759.80640955702,279.396375558713,8.559266452345323,1.67165,0.00051,1.0
2012-07-14 04:00:00,101722.16090843544,278.22910551540025,7.6754897889257325,1.66549,0.00046,1.0
2012-07-14 06:00:00,101611.00293268278,277.71954411573927,8.012029871175175,1.66599,0.0005,1.0
2012-07-14 08:00:00,101501.47527390781,277.2816143505355,8.009519765355956,1.6643,0.00048,1.0
2012-07-14 10:00:00,101570.83785077748,276.5620420225798,7.114386682300799,1.65966,0.00051,1.0
2012-07-14 12:00:00,101783.07547914791,277.71140415727825,7.22693389900999,1.66361,0.00048,1.0
2012-07-14 14:00:00,101836.8759394122,284.5799011067014,7.2219871316995015,1.66352,0.00049,1.0
2012-07-14 16:00:00,101641.97895525918,287.253063465306,8.34516438315157,1.6672,0.00045,1.0
2012-07-14 18:00:00,101437.00364797126,289.4182924159419,8.293478099074008,1.6633,0.00061,1.0
2012-07-14 20:00:00,101375.49623472145,288.94617482520175,8.511881374081842,1.66377,0.00052,1.0
2012-07-14 22:00:00,101610.85472204843,284.96410714606236,9.17938446702654,1.67237,0.00054,1.0
2012-07-15 00:00:00,101878.00862828651,282.35997225097947,12.599415882319368,1.69903,0.00077,1.0
2012-07-15 02:00:00,102041.95068610471,279.421538568068,12.177395178221477,1.69958,0.0005,1.0
2012-07-15 04:00:00,102093.68285443974,277.6498989899039,12.994813092078678,1.70613,0.00039,1.0
2012-07-15 06:00:00,102056.62542726565,276.52600172724283,14.643077815313157,1.7165899999999998,0.00045,1.0
2012-07-15 08:00:00,102029.05470144813,277.03218446386114,13.176452615562711,1.70644,0.00044,1.0
2012-07-15 10:00:00,102139.63406413562,278.1260539370618,12.36098186117114,1.70262,0.00047,1.0
2012-07-15 12:00:00,102268.59391070149,278.4392008842918,11.604749520415986,1.69968,0.00044,1.0
2012-07-15 14:00:00,102169.724695001,282.3399537246725,11.675739430572145,1.69773,0.00047,1.0
2012-07-15 16:00:00,101853.847185769,285.3498821443945,11.908420139042454,1.69356,0.0004,1.0
2012-07-15 18:00:00,101470.37692937146,288.27687666941625,12.78804484570962,1.6924099999999997,0.00053,1.0
2012-07-15 20:00:00,101259.29782418782,287.15011961728277,14.15160135864306,1.69796,0.00046,1.0
2012-07-15 22:00:00,101575.7682522546,283.65116719777706,14.483443452801932,1.706,0.00051,1.0
2012-07-16 00:00:00,101840.50651198633,281.8237617249007,15.04779385855876,1.71432,0.00065,1.0
2012-07-16 02:00:00,102035.42857892207,280.1865322519403,12.6112659168303,1.70211,0.0007,1.0
2012-07-16 04:00:00,102075.4506002701,280.0249541467486,10.011412026712746,1.68596,0.00056,1.0
2012-07-16 06:00:00,102030.5369985351,279.73182572582556,9.00141689408637,1.67876,0.00061,1.0
2012-07-16 08:00:00,102015.12110883067,278.3677061474813,8.584029635637975,1.67603,0.00056,1.0
2012-07-16 10:00:00,102141.1163612226,277.6570484635849,7.62082006391498,1.6718699999999997,0.00058,1.0
2012-07-16 12:00:00,102356.93881708452,277.03218446386114,7.886303884591653,1.67712,0.00048,1.0
2012-07-16 14:00:00,102342.11584621489,279.57596719957866,8.42965408218049,1.68003,0.0005,1.0
2012-07-16 16:00:00,102108.80228472679,281.5163343566156,9.568393838001276,1.68336,0.00045,1.0
2012-07-16 18:00:00,101825.0906222819,283.17787204009153,10.141642706601521,1.68224,0.00059,1.0
2012-07-16 20:00:00,101895.0550447866,282.04825519848566,12.529080482639287,1.6989200000000002,0.00057,1.0
2012-07-16 22:00:00,102142.59865830955,279.42868804174907,13.061870883378239,1.70691,0.00058,1.0
2012-07-17 00:00:00,102454.02927628065,277.28813562164277,10.847998140361291,1.69794,0.00069,1.0
2012-07-17 02:00:00,102647.76550554682,275.0389112015845,9.506106812922594,1.6926700000000001,0.00052,1.0
2012-07-17 04:00:00,102753.60151755605,274.9531175174119,7.909061005708099,1.68388,0.0005,1.0
2012-07-17 06:00:00,102657.1039771947,273.77059457056623,7.836761966293793,1.68205,0.00056,1.0
2012-07-17 08:00:00,102548.74806013764,273.6747916232402,7.279379702551898,1.67667,0.0005,1.0
2012-07-17 10:00:00,102601.51783643356,273.91215414945106,6.03813359042271,1.6693,0.00053,1.0
2012-07-17 12:00:00,102689.12159427312,273.6876606758661,6.159923612592016,1.67152,0.00046,1.0
2012-07-17 14:00:00,102754.19443639083,279.2942779365453,6.381857153098027,1.67334,0.00048,1.0
2012-07-17 16:00:00,102543.56002033327,280.1865322519403,6.499499055386407,1.6706500000000002,0.00044,1.0
2012-07-17 18:00:00,102244.87715731005,282.67740888241804,6.79705283377331,1.66752,0.00062,1.0
2012-07-17 20:00:00,102203.22460916638,283.86422151347233,7.440439220964824,1.67083,0.00047,1.0
2012-07-17 22:00:00,102331.44330718875,280.66840677804305,7.096605129603928,1.67108,0.00054,1.0
2012-07-18 00:00:00,102579.72806925519,278.20755793702574,7.055460204639126,1.67508,0.00068,1.0
2012-07-18 02:00:00,102642.28100632507,275.14901309627265,7.162009496007373,1.67718,0.00058,1.0
2012-07-18 04:00:00,102590.69706769873,273.4317095180845,6.747142691290697,1.67386,0.0005,1.0
2012-07-18 06:00:00,102447.9518582241,271.0280564665156,6.770154591939516,1.67206,0.00056,1.0
2012-07-18 08:00:00,102327.14464563655,270.1701196247896,6.30234678597312,1.66714,0.00056,1.0
2012-07-18 10:00:00,102402.7417970717,271.7973398345965,6.990385300320935,1.6727,0.00059,1.0
2012-07-18 12:00:00,102574.83648886821,272.5408850974257,6.50910116611144,1.6721500000000002,0.00054,1.0
2012-07-18 14:00:00,102643.76330341202,279.4372674101663,7.233605427807974,1.67709,0.00056,1.0
2012-07-18 16:00:00,102451.50937123282,282.0353861458598,6.552807043796852,1.66931,0.0005,1.0
2012-07-18 18:00:00,102204.70690625334,284.2031065659541,6.749538995289534,1.6663900000000003,0.00062,1.0
2012-07-18 20:00:00,102089.38419288755,284.74503667097764,8.141547908382,1.67338,0.00055,1.0
2012-07-18 22:00:00,102281.63812506676,283.01772382963605,7.519980392092122,1.6727000000000003,0.00062,1.0
2012-07-19 00:00:00,102501.90747218959,279.59884551535805,7.939707041253583,1.67939,0.00094,1.0
2012-07-19 02:00:00,102597.51563429875,276.1956960431783,6.448724511894987,1.67166,0.00045,1.0
2012-07-19 04:00:00,102555.71485644637,273.87068720210095,6.449960455577957,1.6712899999999997,0.00043,1.0
2012-07-19 06:00:00,102432.09127939359,271.03663583493284,6.33548198156006,1.66892,0.00045,1.0
2012-07-19 08:00:00,102274.37486934064,270.3588657299693,5.657927773396616,1.6619899999999999,0.00044,1.0
2012-07-19 10:00:00,102305.94779729297,272.65241688685006,5.045415446881436,1.65819,0.00047,1.0
2012-07-19 12:00:00,102373.98523358461,273.75057604425933,4.847539684382318,1.6578599999999997,0.00042,1.0
2012-07-19 14:00:00,102380.35911105855,282.60305435613515,4.815122471415057,1.65695,0.00048,1.0
2012-07-19 16:00:00,102121.55003967466,284.8980354077521,5.322901713669777,1.65588,0.0004,1.0
2012-07-19 18:00:00,101824.49770344712,287.9251225643086,4.73586801682658,1.64716,0.0005,1.0
2012-07-19 20:00:00,101675.52684620726,288.6286307745239,6.605038907472677,1.65654,0.00043,1.0
2012-07-19 22:00:00,101756.16380773809,285.1983133023562,6.648362118427557,1.6585,0.00052,1.0
2012-07-20 00:00:00,101907.80279973449,282.03109646165115,7.299580935015528,1.66548,0.00075,1.0
2012-07-20 02:00:00,101970.35573680435,277.9987933055391,6.001558042155314,1.65857,0.00049,1.0
2012-07-20 04:00:00,101938.04166030855,275.1547326752175,5.948354041925105,1.65803,0.00048,1.0
2012-07-20 06:00:00,101749.78993026415,273.1585996234684,6.119911906671315,1.6564,0.00047,1.0
2012-07-20 08:00:00,101628.24156913311,272.30781225542347,5.97178691852894,1.65359,0.00045,1.0
2012-07-20 10:00:00,101721.77451532053,274.1395074125084,5.5243658203456825,1.65192,0.00049,1.0
2012-07-20 12:00:00,101777.80534520776,275.1390038331192,5.889401138557582,1.6551,0.00042,1.0
2012-07-20 14:00:00,101829.6857432515,285.5615065653535,5.887869997188354,1.65478,0.00049,1.0
2012-07-20 16:00:00,101578.88107613722,287.44467793294206,6.4435475333001335,1.65412,0.00042,1.0
2012-07-20 18:00:00,101298.57869699236,290.7362956156974,6.378958303761734,1.64889,0.00052,1.0
2012-07-20 20:00:00,101186.36880750919,291.55133561533705,6.878990423378542,1.65015,0.00043,1.0
2012-07-20 22:00:00,101324.37066630553,286.8998880384461,6.753944561848036,1.65211,0.00051,1.0
2012-07-21 00:00:00,101450.36591869745,284.5248328816013,6.874721855136861,1.65517,0.00063,1.0
2012-07-21 02:00:00,101465.18888956709,278.88103835778065,6.611843318559383,1.65441,0.00044,1.0
2012-07-21 04:00:00,101460.29730918011,275.85395120122416,6.595267571748223,1.6546,0.00045,1.0
2012-07-21 06:00:00,101358.61172901439,274.1323579388274,6.608720087150303,1.65329,0.00045,1.0
2012-07-21 08:00:00,101206.2315884745,273.1185625708545,6.44077959092642,1.64989,0.00045,1.0
2012-07-21 10:00:00,101254.40624380084,273.7634450968852,5.9664665016864715,1.64745,0.00047,1.0
2012-07-21 12:00:00,101368.54311949704,275.95261393802264,6.204195511110081,1.65057,0.00041,1.0
2012-07-21 14:00:00,101421.75758491905,287.3045482487935,6.364581330438639,1.65114,0.00047,1.0
2012-07-21 16:00:00,101194.3732117788,289.9770215107699,6.715983623580749,1.64944,0.00041,1.0
2012-07-21 18:00:00,100912.58853554698,292.61946698328586,6.87661375625913,1.64566,0.00051,1.0
2012-07-21 20:00:00,100837.5843029466,293.6547107723019,8.065313752611175,1.65175,0.00043,1.0
2012-07-21 22:00:00,101033.24751842584,290.3731023527,6.971431383883915,1.64844,0.00052,1.0
2012-07-22 00:00:00,101214.14615441838,287.0742675360739,7.386378600052219,1.65435,0.00072,1.0
2012-07-22 02:00:00,101345.15855847436,283.3451684063464,7.357431061517032,1.65674,0.00054,1.0
2012-07-22 04:00:00,101438.5566956724,280.0131828256066,7.4976272644641,1.6595799999999998,0.00055,1.0
2012-07-22 06:00:00,101389.3075072864,277.2116481898649,7.517584828643944,1.65932,0.00055,1.0
2012-07-22 08:00:00,101438.87546064578,276.402927896671,7.431648299029232,1.65966,0.00051,1.0
2012-07-22 10:00:00,101700.74088627104,276.24640138831086,7.096716466267895,1.6616499999999998,0.00057,1.0
2012-07-22 12:00:00,101919.094893031,276.36089763053724,7.155963187743257,1.66549,0.00051,1.0
2012-07-22 14:00:00,101979.18209051165,284.32200976407523,7.326216961859062,1.66648,0.00057,1.0
2012-07-22 16:00:00,101740.10836048251,287.1757199026036,7.771147528504658,1.66513,0.00051,1.0
2012-07-22 18:00:00,101540.40210466483,289.5047763742212,8.22211223912515,1.66448,0.00062,1.0
2012-07-22 20:00:00,101504.70042764714,289.6294178531005,8.097464652301385,1.66311,0.00053,1.0
2012-07-22 22:00:00,101693.24990939679,286.09017958073576,8.894303970353892,1.67168,0.00059,1.0
2012-07-23 00:00:00,101844.18512428853,283.1451623123307,9.109578819649833,1.67593,0.00084,1.0
2012-07-23 02:00:00,101929.45475466558,279.42330978021243,9.026697401271575,1.67737,0.0005,1.0
2012-07-23 04:00:00,101905.86614663605,278.255158245599,8.657393245314415,1.67479,0.00053,1.0
2012-07-23 06:00:00,101783.77916183449,277.22904002412713,8.266836075093545,1.67047,0.00051,1.0
2012-07-23 08:00:00,101732.61738360826,276.5695996416841,7.93936196255868,1.66762,0.00049,1.0
2012-07-23 10:00:00,101763.69696851204,276.1188612703878,7.369177959844286,1.6644500000000002,0.00054,1.0
2012-07-23 12:00:00,101795.2547008759,276.90004449266655,6.27526219258929,1.6577,0.00049,1.0
2012-07-23 14:00:00,101762.26252613188,286.33511457992887,6.991094127385482,1.66064,0.00051,1.0
2012-07-23 16:00:00,101477.92416988387,288.89461285552113,7.764834128043923,1.6606900000000002,0.00049,1.0
2012-07-23 18:00:00,101158.84043153831,292.294716453788,7.025454238622392,1.65054,0.00062,1.0
2012-07-23 20:00:00,101059.54514233286,292.70487387847237,8.664758101062942,1.6591499999999997,0.00056,1.0
2012-07-23 22:00:00,101248.25400656922,290.0395752777849,8.143727606007808,1.65927,0.00056,1.0
2012-07-24 00:00:00,101385.64171009262,286.0409027169928,8.469501715741492,1.6641,0.00072,1.0
2012-07-24 02:00:00,101455.77000423451,283.51473879040316,8.155924321740205,1.66359,0.00049,1.0
2012-07-24 04:00:00,101438.5566956724,280.84364291162825,6.593779184145944,1.65363,0.00051,1.0
2012-07-24 06:00:00,101346.27423588115,277.8305076256961,6.783656094486723,1.65377,0.00047,1.0
2012-07-24 08:00:00,101318.38230071109,276.0739323652104,6.464082649190801,1.65146,0.00048,1.0
2012-07-24 10:00:00,101412.57735034257,276.45655271897954,6.277588836898136,1.65169,0.00051,1.0
2012-07-24 12:00:00,101596.50473997834,277.64064676833334,6.203736816201169,1.65399,0.00045,1.0
2012-07-24 14:00:00,101712.37580779912,287.801825936044,6.609514280562689,1.65725,0.00048,1.0
2012-07-24 16:00:00,101566.38144999466,289.89319400607775,6.71945804335832,1.65538,0.00046,1.0
2012-07-24 18:00:00,101446.04767254666,291.5439689414682,6.685021258016202,1.65306,0.00057,1.0
2012-07-24 20:00:00,101506.93178246074,289.812032112854,7.296868030983087,1.65808,0.00045,1.0
2012-07-24 22:00:00,101735.80503334198,285.7539374516659,9.609072729266037,1.67696,0.00053,1.0
2012-07-25 00:00:00,102030.02510376452,283.31763133543114,11.675209845295464,1.6952999999999998,0.00078,1.0
2012-07-25 02:00:00,102133.94248508385,281.14510137217366,12.386204072341021,1.7020000000000002,0.00045,1.0
2012-07-25 04:00:00,102199.12992213847,280.57262016104175,12.653057517933922,1.7048899999999998,0.00051,1.0
2012-07-25 06:00:00,102106.05054991378,279.0667771778366,12.80181270948438,1.70473,0.00047,1.0
2012-07-25 08:00:00,102052.97618184732,278.4884986886173,11.251666585402397,1.69395,0.00045,1.0
2012-07-25 10:00:00,102092.1842735721,278.31458034599495,9.938476138783901,1.68607,0.00049,1.0
2012-07-25 12:00:00,102196.42041986481,278.9537302551321,10.464305249807085,1.69102,0.00043,1.0
2012-07-25 14:00:00,102051.22297449376,284.2249053561111,10.582821863202884,1.68846,0.00049,1.0
2012-07-25 16:00:00,101690.54040712313,286.9684672109786,12.209137176012428,1.69253,0.00046,1.0
2012-07-25 18:00:00,101210.63973971129,289.88304876942476,14.41449976050608,1.69816,0.00051,1.0
2012-07-25 20:00:00,101026.71235007554,290.5874180570453,14.729471603705747,1.69704,0.00045,1.0
2012-07-25 22:00:00,101298.61887236201,285.88437620863266,14.35368904626149,1.70019,0.00055,1.0
2012-07-26 00:00:00,101577.53822406268,283.4915496780535,10.197738637617775,1.67861,0.00079,1.0
2012-07-26 02:00:00,101688.62781728289,280.5552283267795,9.488540060843631,1.67634,0.00044,1.0
2012-07-26 04:00:00,101668.70500644713,279.6015760814003,7.935608539202938,1.66613,0.0005,1.0
2012-07-26 06:00:00,101548.6899939725,278.7044472973734,7.611326861734396,1.66225,0.00047,1.0
2012-07-26 08:00:00,101416.24314753636,278.1160235715011,7.133315123058723,1.65712,0.00045,1.0
2012-07-26 10:00:00,101471.70825290312,278.9928618822221,7.5271278516613185,1.66044,0.00049,1.0
2012-07-26 12:00:00,101630.61259212915,280.36101951085124,7.653546327627525,1.6635899999999997,0.00042,1.0
2012-07-26 14:00:00,101612.44298864694,287.3525368842696,7.897683398081812,1.66388,0.00051,1.0
2012-07-26 16:00:00,101267.53928745823,289.5134722913523,9.422895516349895,1.66771,0.00046,1.0
2012-07-26 18:00:00,100936.82062758457,292.8237180792643,11.246557391990892,1.6733,0.00052,1.0
2012-07-26 20:00:00,100744.92411361451,293.18025068164013,9.947184893185227,1.66208,0.0005,1.0
2012-07-26 22:00:00,101116.92283753987,289.4583981495219,8.412413314146203,1.65896,0.00052,1.0
2012-07-27 00:00:00,101540.08333969145,285.3046483998915,9.184118433826068,1.6712199999999997,0.00084,1.0
2012-07-27 02:00:00,101780.75089458746,282.36977636813936,11.99063829050423,1.69357,0.00047,1.0
2012-07-27 04:00:00,101955.43409999541,280.8204537992786,11.608823087490151,1.69422,0.00056,1.0
2012-07-27 06:00:00,101991.93268944653,278.8116969419905,10.646029693760552,1.68898,0.00053,1.0
2012-07-27 08:00:00,101994.48280923351,277.26527301217345,11.178234085705073,1.6928,0.0005,1.0
2012-07-27 10:00:00,102125.97336074954,276.8203319189646,13.113383787844104,1.70762,0.00052,1.0
2012-07-27 12:00:00,102245.98837322417,277.6087617388526,12.968880848102877,1.70839,0.00046,1.0
2012-07-27 14:00:00,102147.80876142553,282.52050559841206,12.71955717790698,1.70405,0.00051,1.0
2012-07-27 16:00:00,101814.6993642516,285.0785545544824,13.950171951201362,1.70602,0.0005,1.0
2012-07-27 18:00:00,101438.5566956724,287.64964738624946,15.948336157088399,1.7120599999999997,0.00054,1.0
2012-07-27 20:00:00,101302.12528706911,285.664079641311,19.164743027542002,1.7309399999999997,0.00044,1.0
2012-07-27 22:00:00,101549.8056713793,284.53361041426575,18.215676968311012,1.7292,0.00051,1.0
2012-07-28 00:00:00,101786.16989913478,283.5408265417965,16.80600443029359,1.72425,0.00071,1.0
2012-07-28 02:00:00,101922.92007271145,282.09005770042177,16.24079513347352,1.72323,0.00044,1.0
2012-07-28 04:00:00,101881.00247871301,280.639288859047,13.869572089007043,1.70768,0.0005,1.0
2012-07-28 06:00:00,101759.23425888484,278.95807821369766,13.362967658666154,1.70289,0.00048,1.0
2012-07-28 08:00:00,101625.35297006852,278.18269226950633,13.967551402339689,1.70489,0.00047,1.0
2012-07-28 10:00:00,101653.88243518533,277.6594879221174,13.086496472251925,1.69974,0.00053,1.0
2012-07-28 12:00:00,101720.18554964675,279.2102598105,12.743616257747677,1.6981899999999999,0.00044,1.0
2012-07-28 14:00:00,101667.74871152702,286.0800343440828,13.784203823269578,1.70238,0.0005,1.0
2012-07-28 16:00:00,101304.99417182946,288.8525825893874,13.5875872129496,1.6947,0.00047,1.0
2012-07-28 18:00:00,101026.23420261548,290.4149490339448,13.469697498588046,1.68916,0.00051,1.0
2012-07-28 20:00:00,100724.04500785863,291.1410581143931,16.3285692936706,1.70212,0.00044,1.0
2012-07-28 22:00:00,100846.92890509362,289.4120199248226,18.070244188841702,1.71554,0.00054,1.0
2012-07-29 00:00:00,101250.05330901987,285.16737794057514,15.67196751208392,1.70801,0.00067,1.0
2012-07-29 02:00:00,101398.9382219645,282.590327317145,11.064739474161469,1.68151,0.00047,1.0
2012-07-29 04:00:00,101441.43112630278,281.2285817621748,11.180929963266122,1.68321,0.00054,1.0
2012-07-29 06:00:00,101383.9219324615,278.6152984410515,12.09399223596924,1.68877,0.00053,1.0
2012-07-29 08:00:00,101369.70438176185,277.50567207419664,11.677376185124347,1.68608,0.0006,1.0
2012-07-29 10:00:00,101550.21935131917,278.29071385754975,11.53972359429796,1.68788,0.00054,1.0
2012-07-29 12:00:00,101727.69911342376,279.93628221111675,12.291298386773468,1.69521,0.00046,1.0
2012-07-29 14:00:00,101727.85886118443,286.7208548541719,9.981100714496298,1.67903,0.00049,1.0
2012-07-29 16:00:00,101458.20464117314,289.27978912875545,11.37135128883351,1.68306,0.0005,1.0
2012-07-29 18:00:00,101130.08274075655,291.36467894185273,13.294697816345023,1.6894900000000002,0.00056,1.0
2012-07-29 20:00:00,101312.99392672394,290.1191799586483,14.265660128765308,1.69879,0.00046,1.0
2012-07-29 22:00:00,101816.83836387773,282.58579822993335,18.10134257894379,1.73335,0.00054,1.0
2012-07-30 00:00:00,102024.19095722765,282.16157372777525,21.454578730453697,1.75835,0.00085,1.0
2012-07-30 02:00:00,102146.87723742236,280.76057608363743,19.425827252753635,1.74775,0.00045,1.0
2012-07-30 04:00:00,102158.69857171195,280.12046509105727,20.795823822621124,1.75703,0.00052,1.0
2012-07-30 06:00:00,102166.20671646345,280.03139304256143,17.783267677778188,1.73769,0.00051,1.0
2012-07-30 08:00:00,102099.59190026399,279.81701624787655,19.65939053116937,1.74885,0.00049,1.0
2012-07-30 10:00:00,102200.07324172553,278.00840075469006,19.3723406447095,1.74924,0.00053,1.0
2012-07-30 12:00:00,102258.06167884881,277.95556140388743,18.052688946638792,1.74159,0.00046,1.0
2012-07-30 14:00:00,102181.70224924847,282.2657427336432,17.171190866972058,1.73327,0.00047,1.0
2012-07-30 16:00:00,102026.42742587703,281.812834012478,18.695560888463064,1.74076,0.00049,1.0
2012-07-30 18:00:00,101847.66968168708,284.22381810481426,19.971581919163174,1.74526,0.00049,1.0
2012-07-30 20:00:00,101833.45213098744,282.8409368095231,20.896138404812397,1.75147,0.00044,1.0
2012-07-30 22:00:00,102094.32022416187,280.6715040351416,18.09941928520557,1.73838,0.0005,1.0
2012-07-31 00:00:00,102184.41796117986,280.8919196127754,16.738054831206274,1.73095,0.00069,1.0
2012-07-31 02:00:00,102202.46945813559,280.37258427917254,15.748485593320222,1.725,0.00045,1.0
2012-07-31 04:00:00,102190.32862832466,278.7285256213428,14.384702278506476,1.71643,0.00051,1.0
2012-07-31 06:00:00,102061.25243770314,278.25750055133096,16.055040370193247,1.72537,0.00049,1.0
2012-07-31 08:00:00,101969.87671859979,276.89877438783526,15.517718034856165,1.72082,0.00049,1.0
2012-07-31 10:00:00,102085.534097325,277.6234283416996,14.298286939886491,1.7145,0.00053,1.0
2012-07-31 12:00:00,102196.71853875146,278.92478606718106,14.474227164395053,1.71706,0.00048,1.0
2012-07-31 14:00:00,102159.81680603664,284.8895939249271,15.424826074562429,1.72096,0.00049,1.0
2012-07-31 16:00:00,101947.99127538796,285.8422119351113,16.345165153388653,1.72319,0.00055,1.0
2012-07-31 18:00:00,101740.3191865167,287.8938884419898,17.817078339465045,1.72861,0.00063,1.0
2012-07-31 20:00:00,101815.72012955304,285.5523503535656,17.4371077241308,1.72813,0.00047,1.0
2012-07-31 22:00:00,101837.28607724352,284.78995400627076,17.640531402869943,1.73001,0.0005,1.0
2012-08-01 00:00:00,101976.26662902659,283.2802582690534,18.309840170534223,1.73699,0.00068,1.0
2012-08-01 02:00:00,102072.43478095005,280.75151790921416,17.372242239571687,1.7333099999999997,0.00042,1.0
2012-08-01 04:00:00,102086.97182717103,279.6826533272642,16.243026564071727,1.72657,0.00049,1.0
2012-08-01 06:00:00,101989.0464498802,277.9449935337269,14.052289137929543,1.71128,0.00047,1.0
2012-08-01 08:00:00,101859.97025925868,276.7900762947556,12.463777976859236,1.69916,0.00047,1.0
2012-08-01 10:00:00,101871.47209802693,277.1282481398923,12.953705102174592,1.70246,0.00053,1.0
2012-08-01 12:00:00,101990.00493644422,278.0733176713904,11.972832156731789,1.6977299999999997,0.00044,1.0
2012-08-01 14:00:00,101978.50309767597,285.534234004719,12.953795445354544,1.70216,0.00048,1.0
2012-08-01 16:00:00,101765.71908046327,286.80086872824444,13.177899776182214,1.69991,0.00049,1.0
2012-08-01 18:00:00,101473.06118291547,288.96124332820256,15.17827398794123,1.70738,0.00055,1.0
2012-08-01 20:00:00,101276.09219400912,288.95369484951647,15.374203518580522,1.70549,0.0005,1.0
2012-08-01 22:00:00,101355.0075877802,286.58045315061065,15.221607023269856,1.70642,0.00048,1.0
2012-08-02 00:00:00,101572.26454229167,283.87658808525424,12.31869327245258,1.6920299999999997,0.00082,1.0
2012-08-02 02:00:00,101626.57878091953,281.56675360731157,11.980140092349222,1.69123,0.00045,1.0
2012-08-02 04:00:00,101570.66706468497,280.2321825756113,11.603394994469417,1.6882,0.00051,1.0
2012-08-02 06:00:00,101441.75062182412,277.8000627429541,11.764943285977473,1.68773,0.00051,1.0
2012-08-02 08:00:00,101363.47421909572,277.3728188493215,11.52858003789273,1.68504,0.00054,1.0
2012-08-02 10:00:00,101445.26507255886,278.2273066365866,9.321693682432285,1.6718,0.00054,1.0
2012-08-02 12:00:00,101597.18519295621,278.9806448094581,8.825294500266377,1.67086,0.00048,1.0
2012-08-02 14:00:00,101612.04173469855,287.4998578545761,9.630311202233356,1.67483,0.0005,1.0
2012-08-02 16:00:00,101376.41378771,288.91444276034883,10.418338426621538,1.67582,0.00053,1.0
2012-08-02 18:00:00,101017.14107396273,292.66603666733414,12.257544021231826,1.68092,0.00052,1.0
2012-08-02 20:00:00,100794.29294782781,293.28048283238167,12.411325841368065,1.67821,0.00046,1.0
2012-08-02 22:00:00,100903.56041612622,289.52285014244745,10.448691160265652,1.66839,0.00048,1.0
2012-08-03 00:00:00,101164.26876153998,287.43645063361294,10.471578432032013,1.67306,0.00064,1.0
2012-08-03 02:00:00,101311.23670135657,283.46293145325666,9.622531521093034,1.6707,0.0004,1.0
2012-08-03 04:00:00,101339.9912982772,281.8702024504923,9.846856135243629,1.67288,0.00047,1.0
2012-08-03 06:00:00,101211.71384645902,279.4999801430609,9.597958434722814,1.66966,0.00046,1.0
2012-08-03 08:00:00,101165.38699586467,278.0476528438577,9.326876146828367,1.66742,0.00049,1.0
2012-08-03 10:00:00,101328.80895503028,278.50207126076015,8.944329647846917,1.66745,0.00053,1.0
2012-08-03 12:00:00,101495.10637388796,279.6751048485781,8.988189382195822,1.67018,0.00045,1.0
2012-08-03 14:00:00,101531.84835884211,287.93917931410635,8.389504424519728,1.66563,0.00043,1.0
2012-08-03 16:00:00,101283.12109547861,289.9516037318172,8.88331586727432,1.66449,0.00047,1.0
2012-08-03 18:00:00,100999.40907252833,292.71585662666234,10.68206012286037,1.67079,0.00053,1.0
2012-08-03 20:00:00,100867.29767445408,293.30614765991436,11.494767707165742,1.6736499999999999,0.00042,1.0
2012-08-03 22:00:00,101078.48421406008,289.27224065006936,10.362384642728303,1.67067,0.00045,1.0
2012-08-04 00:00:00,101375.93454442799,287.17527327107433,11.353071564334908,1.68206,0.00068,1.0
2012-08-04 02:00:00,101549.10111699448,283.97320861243617,10.549474148370793,1.68032,0.00043,1.0
2012-08-04 04:00:00,101612.04173469855,281.6679032217051,11.395273608748836,1.68721,0.0005,1.0
2012-08-04 06:00:00,101543.50994537103,279.5588582768124,10.806514178860583,1.68275,0.00049,1.0
2012-08-04 08:00:00,101539.51625135427,277.40754185127753,11.34323363932026,1.68662,0.00052,1.0
2012-08-04 10:00:00,101756.13421482306,279.21162825725236,11.22177383316581,1.68889,0.0005,1.0
2012-08-04 12:00:00,102008.69542444265,280.94324926784077,11.103758218461342,1.69178,0.00046,1.0
2012-08-04 14:00:00,102095.91770176857,285.10849980682366,11.01533645594756,1.69176,0.00048,1.0
2012-08-04 16:00:00,101923.39012024476,287.8727527016688,10.592366844664758,1.6858,0.00049,1.0
2012-08-04 18:00:00,101734.40851937191,289.5032240978636,10.81229403779681,1.68388,0.00051,1.0
2012-08-04 20:00:00,101685.6854523675,288.90991367313717,10.009068185837972,1.67815,0.00046,1.0
2012-08-04 22:00:00,101859.01177269466,286.4611871873705,11.251308183901193,1.68923,0.00046,1.0
2012-08-05 00:00:00,102130.69455465185,283.8349410640291,11.519091555948851,1.69579,0.00074,1.0
2012-08-05 02:00:00,102341.36751140647,281.44015382411027,12.223714781178861,1.7041799999999998,0.00043,1.0
2012-08-05 04:00:00,102401.55978476493,279.81298552673735,12.17385406199931,1.70518,0.00049,1.0
2012-08-05 06:00:00,102374.97741023607,277.8410781833109,12.400336963015901,1.70668,0.0005,1.0
2012-08-05 08:00:00,102318.9099880976,276.68122281503287,11.563087328065293,1.70059,0.0005,1.0
2012-08-05 10:00:00,102331.13176949018,277.6112521526085,10.29822246285912,1.69234,0.00051,1.0
2012-08-05 12:00:00,102430.4337433049,279.16640829369464,9.405970879881753,1.68783,0.00046,1.0
2012-08-05 14:00:00,102389.49077563976,284.9871355646171,10.062940820622824,1.69037,0.00046,1.0
2012-08-05 16:00:00,102182.48435330292,287.45546713436073,10.17835813926083,1.68737,0.00052,1.0
2012-08-05 18:00:00,101903.67496528466,289.05199196097334,9.909649502349499,1.68096,0.00054,1.0
2012-08-05 20:00:00,101754.56923229518,289.88089784503995,9.457143572610862,1.6756,0.0005,1.0
2012-08-05 22:00:00,101865.02358163062,287.092342005851,9.268075121915784,1.67662,0.00047,1.0
2012-08-06 00:00:00,102013.97654235271,284.49990437952806,8.234153039796581,1.67281,0.0008,1.0
2012-08-06 02:00:00,102090.97376512596,280.14087066387276,9.07072231084347,1.6801,0.00044,1.0
2012-08-06 04:00:00,102096.93188355485,278.4478189043652,8.815332921678364,1.67882,0.00051,1.0
2012-08-06 06:00:00,101947.82615056536,276.0101308053819,8.330130398962137,1.67368,0.0005,1.0
2012-08-06 08:00:00,101791.69289327515,274.9805101878352,7.220826516686952,1.66408,0.0005,1.0
2012-08-06 10:00:00,101837.83011803214,276.311968992371,6.546521298371118,1.66022,0.0005,1.0
2012-08-06 12:00:00,101900.00843086689,277.755276465182,6.422225334584061,1.66022,0.00048,1.0
2012-08-06 14:00:00,101895.88357964689,286.82114728962216,6.776580827407978,1.66134,0.00045,1.0
2012-08-06 16:00:00,101607.29676651458,290.0387117194556,7.734796844945192,1.6624,0.00055,1.0
2012-08-06 18:00:00,101363.31945546519,292.7399336669776,8.962750056503602,1.66583,0.00052,1.0
2012-08-06 20:00:00,101286.47500495933,292.2052051022101,8.060458589806677,1.6590499999999997,0.00054,1.0
2012-08-06 22:00:00,101439.85836143623,288.69805987369165,8.545238666844016,1.66504,0.00049,1.0
2012-08-07 00:00:00,101562.22894762944,286.6633334152065,10.20791278553225,1.67785,0.00074,1.0
2012-08-07 02:00:00,101605.31072703829,282.70113264589736,8.531886552514573,1.6685,0.0005,1.0
2012-08-07 04:00:00,101614.47706308273,280.19449673770333,7.7142649689527545,1.66375,0.00054,1.0
2012-08-07 06:00:00,101515.02231700059,277.98969901649843,7.536510054585922,1.66133,0.00053,1.0
2012-08-07 08:00:00,101436.95568835549,276.5601811055296,7.312696684379759,1.65883,0.00056,1.0
2012-08-07 10:00:00,101462.62142927991,278.55660322556434,6.373433162879192,1.65286,0.00051,1.0
2012-08-07 12:00:00,101564.82607617536,280.1148237137265,6.548311342296682,1.65543,0.0005,1.0
2012-08-07 14:00:00,101589.11686669312,289.18988757939474,6.817162631644579,1.65644,0.0005,1.0
2012-08-07 16:00:00,101313.82124082523,291.6888626198987,7.8406793854562045,1.65818,0.0006,1.0
2012-08-07 18:00:00,101016.83195298552,294.46822541785957,10.565225529074945,1.67002,0.00055,1.0
2012-08-07 20:00:00,100857.18493354494,294.93400617341644,9.556478507601634,1.6611400000000003,0.00052,1.0
2012-08-07 22:00:00,101064.19135588178,290.81552370322964,8.991792596469478,1.6615599999999997,0.00052,1.0
2012-08-08 00:00:00,101396.92935429479,288.5019416608256,8.430051736619559,1.66366,0.00071,1.0
2012-08-08 02:00:00,101565.89548204721,287.54280102602763,8.493752507003792,1.6668899999999998,0.00056,1.0
2012-08-08 04:00:00,101715.45953183892,284.8599651609618,8.975933733869118,1.6727499999999997,0.00059,1.0
2012-08-08 06:00:00,101646.10092243603,280.064261986972,8.21489663689641,1.6675100000000003,0.00056,1.0
2012-08-08 08:00:00,101624.25448819679,278.0663076933992,8.046084159914583,1.6663699999999997,0.00057,1.0
2012-08-08 10:00:00,101805.2896250744,278.8952135774658,7.8272456536016035,1.6677,0.00056,1.0
2012-08-08 12:00:00,101893.43922336838,281.00348436577576,7.81725955836485,1.66873,0.00059,1.0
2012-08-08 14:00:00,101889.00882761356,287.9993887403564,8.656069370193004,1.67298,0.0005,1.0
2012-08-08 16:00:00,101633.57359650864,289.62196051711527,8.248647377833729,1.6661099999999998,0.00059,1.0
2012-08-08 18:00:00,101418.1646994644,291.85586953554247,9.745953696389742,1.67174,0.00062,1.0
2012-08-08 20:00:00,101417.09529359255,291.10816884899066,9.239056522434465,1.66867,0.00057,1.0
2012-08-08 22:00:00,101646.71201150566,288.40081820731655,9.700379524830755,1.67567,0.00056,1.0
2012-08-09 00:00:00,101876.63427395358,285.46977022909215,11.689279506384677,1.6925,0.00077,1.0
2012-08-09 02:00:00,102037.0451547312,282.54791529209575,9.636918019418674,1.68248,0.00042,1.0
2012-08-09 04:00:00,102081.50188454671,280.91002177995676,9.457921182285098,1.68232,0.00047,1.0
2012-08-09 06:00:00,101994.57446439199,279.37171954778876,9.985685214797218,1.68463,0.00047,1.0
2012-08-09 08:00:00,101923.68813231502,277.26191658594087,9.444780008917832,1.68037,0.00049,1.0
2012-08-09 10:00:00,101996.8660484031,278.04792161094304,7.972226571767175,1.67181,0.00044,1.0
2012-08-09 12:00:00,102206.01128248364,279.60001340495313,8.23909175256049,1.6766300000000003,0.00044,1.0
2012-08-09 14:00:00,102118.16722872446,284.28693225774384,9.248328192304557,1.68098,0.00045,1.0
2012-08-09 16:00:00,101873.73160087284,288.40081820731655,10.213778173677293,1.68252,0.0005,1.0
2012-08-09 18:00:00,101624.71280499901,290.1551569083448,10.05308638439953,1.67724,0.00047,1.0
2012-08-09 20:00:00,101553.21538385241,289.98814999270104,9.888773192145184,1.6751,0.00045,1.0
2012-08-09 22:00:00,101665.80854493155,287.3666010691558,9.693945970516543,1.67611,0.00045,1.0
2012-08-10 00:00:00,101834.9274449514,284.6515895597916,10.43981588955257,1.68403,0.0007,1.0
2012-08-10 02:00:00,101901.53615354096,282.3962301118322,9.211466301785483,1.67762,0.00044,1.0
2012-08-10 04:00:00,101885.18952092838,279.14342569062444,8.409495054334888,1.67271,0.00048,1.0
2012-08-10 06:00:00,101734.55606526483,276.80686104515013,8.63370583383686,1.67215,0.00048,1.0
2012-08-10 08:00:00,101617.9908252331,275.28388054836233,8.121835210134961,1.66719,0.00056,1.0
2012-08-10 10:00:00,101664.7391390597,276.78847496269395,7.550598520294772,1.66397,0.00046,1.0
2012-08-10 12:00:00,101774.42962705813,278.4462867308272,6.969517700708017,1.6617,0.00046,1.0
2012-08-10 14:00:00,101768.47150862924,288.3379990922579,7.856492715666282,1.66596,0.00044,1.0
2012-08-10 16:00:00,101486.45390299543,290.84463500045194,7.868295851777269,1.66121,0.00059,1.0
2012-08-10 18:00:00,101216.199761952,293.0923335807213,10.028961398448144,1.67009,0.00054,1.0
2012-08-10 20:00:00,101112.46739238246,292.9100049296974,9.116618566601948,1.66278,0.00049,1.0
2012-08-10 22:00:00,101288.0027276334,290.1291099581985,8.806998693395698,1.66406,0.00046,1.0
2012-08-11 00:00:00,101495.00914997024,286.5070517143289,7.393416165054315,1.65893,0.00066,1.0
2012-08-11 02:00:00,101610.19943959532,281.8584371999886,7.731996542622234,1.6635600000000001,0.00043,1.0
2012-08-11 04:00:00,101598.89429180718,280.46415928039414,7.529502116108929,1.66227,0.00047,1.0
2012-08-11 06:00:00,101487.21776433247,276.82677930114437,7.2879706169285905,1.65943,0.00045,1.0
2012-08-11 08:00:00,101368.66648482444,274.8318893546476,6.416696745809947,1.6521,0.00046,1.0
2012-08-11 10:00:00,101440.46945050586,276.3334194219032,6.6097629503993796,1.6543199999999998,0.00044,1.0
2012-08-11 12:00:00,101544.04904780797,278.4095145659148,6.790181552087684,1.65688,0.00046,1.0
2012-08-11 14:00:00,101521.5915244991,287.6454566530747,7.554069582314379,1.66022,0.00041,1.0
2012-08-11 16:00:00,101227.65768200754,290.3972403273513,8.453690098368098,1.66084,0.00052,1.0
2012-08-11 18:00:00,100904.23879190636,293.1245092250196,9.661840912944497,1.6628400000000003,0.00051,1.0
2012-08-11 20:00:00,100749.174940488,293.449330015079,9.433429787968816,1.6589,0.00046,1.0
2012-08-11 22:00:00,100950.68156119817,290.25628036185384,9.237561703229714,1.66139,0.00045,1.0
2012-08-12 00:00:00,101194.30988204417,286.2017550751711,8.712182840900311,1.66258,0.00073,1.0
2012-08-12 02:00:00,101299.43308333206,283.53033243971885,8.139577694942155,1.661,0.00047,1.0
2012-08-12 04:00:00,101335.27053831657,281.90567132672953,8.607217871526883,1.66482,0.00049,1.0
2012-08-12 06:00:00,101263.59562834755,278.55821520802,8.417271682727286,1.66298,0.0005,1.0
2012-08-12 08:00:00,101225.20973211969,277.3743777719012,7.678502098746906,1.65774,0.00051,1.0
2012-08-12 10:00:00,101384.48730982863,275.8385044666208,7.18801539809895,1.65728,0.00048,1.0
2012-08-12 12:00:00,101523.05880243541,280.2763371712292,6.698771591208181,1.65572,0.00049,1.0
2012-08-12 14:00:00,101495.82233664718,288.237643929128,7.816371694147481,1.66139,0.00047,1.0
2012-08-12 16:00:00,101337.02259167137,290.04143833837213,6.533490263981609,1.65055,0.00057,1.0
2012-08-12 18:00:00,101165.00280774571,291.37169777316876,7.172232387442818,1.65167,0.0005,1.0
2012-08-12 20:00:00,101286.37232195993,289.0881376661291,8.595389033014616,1.66286,0.0005,1.0
2012-08-12 22:00:00,101684.56626623229,286.2220049260521,10.498350822331712,1.68172,0.00048,1.0
2012-08-13 00:00:00,102141.0558039461,284.0428094350913,13.41342743351745,1.70803,0.00085,1.0
2012-08-13 02:00:00,102352.25787198816,280.1859916826833,12.18267906270952,1.70437,0.00048,1.0
2012-08-13 04:00:00,102410.23491027422,278.91803948136663,14.52307347019366,1.72077,0.0005,1.0
2012-08-13 06:00:00,102405.93441567608,277.51768440890504,13.901358012388283,1.71703,0.0005,1.0
2012-08-13 08:00:00,102415.3317927609,277.2762438791703,14.397768218753507,1.72048,0.00052,1.0
2012-08-13 10:00:00,102511.85400485252,277.3105128575843,13.616707424745524,1.71691,0.00049,1.0
2012-08-13 12:00:00,102640.07245490821,276.9943036476736,13.270872599744912,1.71677,0.00048,1.0
2012-08-13 14:00:00,102644.05439435094,282.2047460474332,14.231847892425563,1.7217300000000002,0.00044,1.0
2012-08-13 16:00:00,102365.00007820487,283.8745799046955,12.19514020969407,1.7038300000000002,0.00057,1.0
2012-08-13 18:00:00,102012.99663146811,285.9291609286964,15.01931121726632,1.71576,0.00051,1.0
2012-08-13 20:00:00,101819.63365212946,284.5163444095388,14.959813614701229,1.71269,0.0005,1.0
2012-08-13 22:00:00,101917.43008484275,284.7110545141636,14.7404483040348,1.71279,0.0005,1.0
2012-08-14 00:00:00,101995.31682034243,283.07237427364134,13.478680628389727,1.7063699999999997,0.00089,1.0
2012-08-14 02:00:00,102074.63705404148,279.3090173714532,12.716464924717545,1.70362,0.00051,1.0
2012-08-14 04:00:00,102117.48272244517,278.47565812365906,11.582882709881712,1.69713,0.00053,1.0
2012-08-14 06:00:00,101970.94735095295,276.72170950119886,11.002090681825411,1.69139,0.00051,1.0
2012-08-14 08:00:00,101840.81756996475,274.4474954791812,9.340155830412382,1.67887,0.00055,1.0
2012-08-14 10:00:00,101884.93745899013,276.7980358622118,9.658052982986419,1.68123,0.00049,1.0
2012-08-14 12:00:00,101919.50069335297,278.522388548769,9.447797256437674,1.6801,0.00051,1.0
2012-08-14 14:00:00,101764.36433266445,285.28428106217905,10.166797367434754,1.68105,0.00048,1.0
2012-08-14 16:00:00,101358.68434223978,287.8606851665744,12.272940020116222,1.68747,0.00064,1.0
2012-08-14 18:00:00,100893.43453775198,291.7377527698634,15.612841289110317,1.7001600000000001,0.00056,1.0
2012-08-14 20:00:00,100579.33915450994,292.7066302504764,16.327011467290113,1.69937,0.00058,1.0
2012-08-14 22:00:00,100907.61024216807,288.6566600742806,14.76960081721401,1.6959,0.00052,1.0
2012-08-15 00:00:00,101181.88623098287,285.5132601452178,10.983445417303841,1.6769599999999998,0.00079,1.0
2012-08-15 02:00:00,101306.44129675126,281.7935183064656,7.00900213022533,1.65409,0.0005,1.0
2012-08-15 04:00:00,101383.53164436239,280.472604956691,6.37232038915583,1.65137,0.00049,1.0
2012-08-15 06:00:00,101261.68429741505,276.3961542062662,6.393717769942019,1.65006,0.00048,1.0
2012-08-15 08:00:00,101190.00938744601,275.8260430199248,6.221083505444311,1.64786,0.00051,1.0
2012-08-15 10:00:00,101379.70898249737,275.8151392540658,6.124267169804311,1.65024,0.00045,1.0
2012-08-15 12:00:00,101555.39215071032,278.2248715089023,6.1131611409575175,1.65268,0.0005,1.0
2012-08-15 14:00:00,101537.71233958464,285.7983157383885,6.527562389106503,1.65419,0.00042,1.0
2012-08-15 16:00:00,101226.16539758595,288.38562360864285,6.639617531822628,1.64965,0.00052,1.0
2012-08-15 18:00:00,100907.61024216807,290.99162364894113,8.927143775906114,1.65864,0.00051,1.0
2012-08-15 20:00:00,100864.12746345352,290.152033677799,8.254520540219199,1.65385,0.00059,1.0
2012-08-15 22:00:00,101074.37386602933,287.9510306551203,7.941843727079532,1.65553,0.00053,1.0
2012-08-16 00:00:00,101413.63510654937,285.18458948861115,11.321317079525683,1.68286,0.00111,1.0
2012-08-16 02:00:00,101546.31332878092,281.38852128884605,9.906769972246648,1.67663,0.0005,1.0
2012-08-16 04:00:00,101645.06542696046,279.8791285577946,10.576541400054566,1.68281,0.00049,1.0
2012-08-16 06:00:00,101504.74188099889,277.4834154304911,9.867145453512268,1.67643,0.00046,1.0
2012-08-16 08:00:00,101412.3608859277,275.36496949217326,9.085250122890104,1.67023,0.00049,1.0
2012-08-16 10:00:00,101505.69754646513,276.78557441551584,7.082936219504289,1.65839,0.00043,1.0
2012-08-16 12:00:00,101666.72717752888,278.567561293042,6.915089780525964,1.65962,0.00049,1.0
2012-08-16 14:00:00,101628.65983645644,286.62232890116064,7.96379781491492,1.66466,0.00045,1.0
2012-08-16 16:00:00,101379.07187218653,289.14577185709805,8.761320603561591,1.66537,0.00055,1.0
2012-08-16 18:00:00,101035.51013706834,291.66609945136145,11.81787885146124,1.67867,0.00053,1.0
2012-08-16 20:00:00,100877.66605755879,292.3187677220638,11.995480806025059,1.67714,0.00052,1.0
2012-08-16 22:00:00,101089.8237910671,288.0164532502742,13.402172954273244,1.69031,0.00046,1.0
2012-08-17 00:00:00,101363.14411441564,285.7142009731906,14.052378941992757,1.69934,0.00096,1.0
2012-08-17 02:00:00,101465.24104172707,283.08795108201133,15.78940360952926,1.71277,0.00049,1.0
2012-08-17 04:00:00,101577.37245643417,282.02405507034143,17.78855578799881,1.72772,0.00047,1.0
2012-08-17 06:00:00,101477.18686005524,279.0224040974455,16.57054415342597,1.71921,0.00048,1.0
2012-08-17 08:00:00,101402.48567610975,278.4351584218971,13.989939945333237,1.70143,0.0005,1.0
2012-08-17 10:00:00,101500.91921913387,277.1858983906244,11.750312044750782,1.68871,0.00045,1.0
2012-08-17 12:00:00,101610.34291501991,279.4336318384131,10.708305123667751,1.6832,0.00048,1.0
2012-08-17 14:00:00,101538.98656020631,286.6379057095306,10.194452213001188,1.6774,0.00042,1.0
2012-08-17 16:00:00,101246.39364995499,289.4869039604007,12.351493631473355,1.68583,0.00054,1.0
2012-08-17 18:00:00,100850.42959177056,292.6614575062034,11.699806068686419,1.67479,0.00052,1.0
2012-08-17 20:00:00,100659.93360883066,293.90292913329114,15.469861327926155,1.6949800000000002,0.00053,1.0
2012-08-17 22:00:00,100966.70222349808,290.5367808445376,8.185482851419433,1.65499,0.00049,1.0
2012-08-18 00:00:00,101399.9372348664,287.1441519815551,4.368048814820498,1.63815,0.00094,1.0
2012-08-18 02:00:00,101574.98329276853,283.2997956758431,4.918408392929826,1.64476,0.0006,1.0
2012-08-18 04:00:00,101650.95869733569,281.7499032430297,5.440885024521486,1.64947,0.00054,1.0
2012-08-18 06:00:00,101607.15736346574,278.8666360137457,5.390946027941636,1.64874,0.00057,1.0
2012-08-18 08:00:00,101589.95538507318,275.16091330252647,5.04302552411855,1.64656,0.00059,1.0
2012-08-18 10:00:00,101605.24603253322,275.3821039813803,4.692061087711715,1.6444799999999997,0.00053,1.0
2012-08-18 12:00:00,101793.5121293852,278.0441805318105,5.000253057520994,1.64924,0.00055,1.0
2012-08-18 14:00:00,101918.2264727313,287.1488250240661,5.39755471040722,1.65291,0.0005,1.0
2012-08-18 16:00:00,101737.44642203164,289.53207670467367,5.981422348009198,1.65349,0.00062,1.0
2012-08-18 18:00:00,101413.95366170479,291.6879069830794,7.291270646156995,1.65633,0.0005,1.0
2012-08-18 20:00:00,101353.7467373308,291.34365951810275,7.974530824961159,1.6597,0.00057,1.0
2012-08-18 22:00:00,101664.17873628554,286.9821531745073,9.999665583921878,1.67809,0.00052,1.0
2012-08-19 00:00:00,101999.75809611188,284.93271685498655,14.641922772839939,1.71341,0.00104,1.0
2012-09-23 02:00:00,102243.10911296599,281.08140517513004,14.99055876438092,1.72055,0.00069,1.0
2012-09-23 04:00:00,102187.38405841331,279.64670516094384,15.745087510476463,1.72495,0.00051,1.0
2012-09-23 06:00:00,102124.00446340012,276.8582641527985,15.545324250228726,1.72346,0.00056,1.0
2012-09-23 08:00:00,102118.79937588696,276.37383722848955,14.16907838686804,1.71452,0.00046,1.0
2012-09-23 10:00:00,102147.27426640014,277.5749505613651,12.936587682683165,1.70662,0.00051,1.0
2012-09-23 12:00:00,102136.09863732776,280.4722217278484,12.019819067798302,1.69982,0.00048,1.0
2012-09-23 14:00:00,101774.19196435384,287.0498103220267,11.71084284333365,1.69068,0.0005,1.0
2012-09-23 16:00:00,101348.44642393908,289.6497893486601,13.811487988859263,1.69661,0.00044,1.0
2012-09-23 18:00:00,101002.61428593227,292.0440528320938,15.540701383774426,1.70136,0.00049,1.0
2012-09-23 20:00:00,101060.78879343232,290.93982488408005,16.19864012034619,1.70671,0.00047,1.0
2012-09-23 22:00:00,101201.93851952451,287.7200448337418,14.878757318324409,1.70151,0.00047,1.0
2012-09-24 00:00:00,101458.97798818916,286.6251072650983,13.00162219549901,1.69396,0.0007,1.0
2012-09-24 02:00:00,101600.12771428135,284.278622875569,12.382357953645853,1.6927900000000002,0.00082,1.0
2012-09-24 04:00:00,101493.57651107076,283.11068946901594,10.425817002608326,1.67881,0.00067,1.0
2012-09-24 06:00:00,101293.18064181405,281.56185050828026,9.090604319435641,1.66732,0.00065,1.0
2012-09-24 08:00:00,101226.89232142584,280.0183203357562,8.585928723789793,1.66326,0.0005,1.0
2012-09-24 10:00:00,101314.61335510353,280.5783974920805,6.022047814983466,1.648,0.00055,1.0
2012-09-24 12:00:00,101423.6140112615,283.64687707838806,6.183923710182551,1.65043,0.00049,1.0
2012-09-24 14:00:00,101363.44932324173,289.7241123836226,6.737423712850769,1.6522899999999998,0.00058,1.0
2012-09-24 16:00:00,101147.59128225474,291.78392220972523,7.248545896525982,1.65182,0.0006,1.0
2012-09-24 18:00:00,100870.19073596508,294.1304065992545,7.211266963330695,1.64689,0.00063,1.0
2012-09-24 20:00:00,100734.09300657683,294.2206559988518,10.802561138791466,1.66705,0.00062,1.0
2012-09-24 22:00:00,101116.51384798498,290.61068001496056,12.4733461172436,1.68429,0.00058,1.0
2012-09-25 00:00:00,101452.85435582073,288.90390460492966,13.022501829605421,1.69347,0.00105,1.0
2012-09-25 02:00:00,101650.18840889323,285.970799118018,14.707078832499302,1.708,0.00084,1.0
2012-09-25 04:00:00,101794.55304197886,284.01052907088297,13.961317806675076,1.70604,0.00071,1.0
2012-09-25 06:00:00,102083.89467138694,280.64343014767263,13.157235179205333,1.7063,0.00064,1.0
2012-09-25 08:00:00,102110.22629057117,280.52398241291155,15.847383074912537,1.72413,0.00051,1.0
2012-09-25 10:00:00,102167.17607159751,281.20881609220856,16.271540377267602,1.7275699999999998,0.00057,1.0
2012-09-25 12:00:00,102313.68397601208,281.8564882540243,15.921462966335481,1.72745,0.00057,1.0
2012-09-25 14:00:00,102328.38069369631,286.09157404983205,16.433443397289548,1.7297200000000001,0.00061,1.0
2012-09-25 16:00:00,102240.81275082783,286.8109148525045,17.549060229479764,1.7352,0.00054,1.0
2012-09-25 18:00:00,101827.46756595913,289.02335233969075,16.17974238865445,1.71931,0.0006,1.0
2012-09-25 20:00:00,101755.66797643935,287.5607811873936,17.220515567106457,1.72518,0.00048,1.0
2012-09-25 22:00:00,101868.64899363679,285.84604259504533,21.08854031490765,1.75212,0.00048,1.0
2012-09-26 00:00:00,102255.35637770283,283.7809239807311,21.022027425443675,1.7586199999999999,0.00079,1.0
2012-09-26 02:00:00,102544.5449163017,280.8385281144491,20.7985480477401,1.7629,0.00067,1.0
2012-09-26 04:00:00,102713.09789724261,279.9347069214234,18.814138798012504,1.75308,0.00051,1.0
2012-09-26 06:00:00,102709.42371782156,279.25252763623223,16.73405115503222,1.73977,0.0006,1.0
2012-09-26 08:00:00,102730.55024949262,278.2319131025512,15.664899369153416,1.73347,0.00049,1.0
2012-09-26 10:00:00,102930.02757389407,277.4448852501808,15.056025029373597,1.7328999999999999,0.00051,1.0
2012-09-26 12:00:00,103069.64639189416,276.8927712761739,14.992636097528628,1.73486,0.00051,1.0
2012-09-26 14:00:00,102984.52790197305,278.8742764761554,14.910790270320298,1.7324199999999998,0.00053,1.0
2012-09-26 16:00:00,102710.34226267682,280.1510400410463,14.94450266574753,1.72793,0.00045,1.0
2012-09-26 18:00:00,102332.20796392657,283.9786763416133,15.207360409551214,1.72256,0.00051,1.0
2012-09-26 20:00:00,102089.40594051851,284.91435026390866,15.474209434909076,1.72015,0.00048,1.0
2012-09-26 22:00:00,102145.13099507119,282.7311111118862,15.575943103573401,1.7223,0.00048,1.0
2012-09-27 00:00:00,102317.81742786078,282.4205470015073,16.67277223212849,1.73218,0.0008,1.0
2012-09-27 02:00:00,102411.81518471609,280.6965180297887,14.95871388325546,1.7231300000000003,0.00126,1.0
2012-09-27 04:00:00,102378.44138830819,280.53061839817605,14.533779360753343,1.7198999999999998,0.0018,1.0
2012-09-27 06:00:00,102233.31130117651,278.63803540073894,13.592457315042816,1.7119899999999997,0.00085,1.0
2012-09-27 08:00:00,102144.67172264356,278.5756571392526,14.196039280367481,1.71452,0.00067,1.0
2012-09-27 10:00:00,102167.63534402516,279.3387954446708,14.260363718012728,1.7151,0.0007,1.0
2012-09-27 12:00:00,102185.24078708437,280.72969795611124,15.912224577846077,1.72568,0.0007,1.0
2012-09-27 14:00:00,101977.64964979477,286.1008644292023,16.517257815132847,1.72468,0.0007,1.0
2012-09-27 16:00:00,101618.19242976821,288.1593470582521,17.814428014980145,1.72657,0.00063,1.0
2012-09-27 18:00:00,101445.96526940625,288.83621755523166,16.185418780224836,1.71334,0.00071,1.0
2012-09-27 20:00:00,101452.24199258389,287.6284682370916,19.161040271534304,1.73263,0.00064,1.0
2012-09-27 22:00:00,101560.93646712344,285.9150568417962,20.509188003887097,1.74352,0.00067,1.0
2012-09-28 00:00:00,101690.91056414325,285.5925479579412,21.9358826065115,1.7547899999999998,0.00143,1.0
2012-09-28 02:00:00,101863.75008774205,283.7225273104034,18.35573940217089,1.73535,0.00087,1.0
2012-09-28 04:00:00,101807.10648833412,282.6992583826166,16.292181950888445,1.72154,0.00059,1.0
2012-09-28 06:00:00,101532.9208490379,282.3913486663435,15.59409837544292,1.7127899999999998,0.00059,1.0
2012-09-28 08:00:00,101402.94675201806,281.4649651234185,14.509397426395463,1.704,0.00049,1.0
2012-09-28 10:00:00,101530.31830528131,281.7211141546284,13.885951067097686,1.70194,0.0005,1.0
2012-09-28 12:00:00,101620.02951947873,283.58449881690166,12.65217987355164,1.69499,0.00054,1.0
2012-09-28 14:00:00,101464.18307570231,289.1879247742505,12.758466669894391,1.69192,0.00057,1.0
2012-09-28 16:00:00,101215.10432911663,290.1448338493922,12.857007528021322,1.68837,0.00055,1.0
2012-09-28 18:00:00,100849.98274914929,292.24578678413485,13.549202607312642,1.68643,0.0005,1.0
2012-09-28 20:00:00,100705.77120687287,291.97105699418427,14.924594303289739,1.69281,0.00051,1.0
2012-09-28 22:00:00,101004.4513756428,289.5767935107505,13.193236431133158,1.68727,0.00049,1.0
2012-09-29 00:00:00,101406.4678406299,287.4108079204158,16.61143952702194,1.71582,0.00099,1.0
2012-09-29 02:00:00,101717.70145575512,284.4246145513881,20.48587512517861,1.74641,0.00118,1.0
2012-09-29 04:00:00,101884.11116536707,283.6044067726952,18.51300395827755,1.7367200000000003,0.00088,1.0
2012-09-29 06:00:00,101949.63403170921,280.786767429386,17.367847619387906,1.7313199999999997,0.00063,1.0
2012-09-29 08:00:00,102011.17653701188,279.07070163998475,14.826558187207374,1.71636,0.0005,1.0
2012-09-29 10:00:00,102192.12987349885,280.0289379121794,13.189938989539685,1.70838,0.00049,1.0
2012-09-29 12:00:00,102198.5596874857,281.0468980517546,14.512882443989989,1.71677,0.00053,1.0
2012-09-29 14:00:00,101993.41800314345,285.8553329744156,12.70518101746031,1.70074,0.00053,1.0
2012-09-29 16:00:00,101690.60438252483,288.5986492827624,13.734028950415096,1.70181,0.00052,1.0
2012-09-29 18:00:00,101451.93581096547,290.15279703170967,15.42036326922512,1.70825,0.00059,1.0
2012-09-29 20:00:00,101436.77982085361,288.751276943846,15.853058318407383,1.71112,0.00052,1.0
2012-09-29 22:00:00,101416.57183403781,288.35046343386983,17.11863173694337,1.71891,0.00053,1.0
2012-09-30 00:00:00,101625.00274766148,286.7841869996482,23.045441453263155,1.76032,0.00091,1.0
